[
  {
    "Command": [],
    "Constant": [],
    "Constructor": [],
    "Deprecated": [],
    "Field": [],
    "Function": [],
    "Method": [],
    "Variable": [],
    "desc": "Listens for keyboard brightness keypresses and alters brightness on all supported displays.",
    "doc": "Listens for keyboard brightness keypresses and alters brightness on all supported displays.\nNote: This is primarily intended for Macs with no internal display, but should work for those with an internal display.\nNote: External displays will only respond to brightness change requests if they were either made by Apple, or are LG UltraFine displays (which were designed by Apple).\nNote: If your keyboard brightness keys aren't triggering this Spoon, use Karabiner Elements to set them to `display_brightness_decrement` and `display_brightness_increment`.\n\nDownload: [https://github.com/Hammerspoon/Spoons/raw/master/Spoons/AllBrightness.spoon.zip](https://github.com/Hammerspoon/Spoons/raw/master/Spoons/AllBrightness.spoon.zip)",
    "items": [],
    "name": "AllBrightness",
    "stripped_doc": "Note: This is primarily intended for Macs with no internal display, but should work for those with an internal display.\nNote: External displays will only respond to brightness change requests if they were either made by Apple, or are LG UltraFine displays (which were designed by Apple).\nNote: If your keyboard brightness keys aren't triggering this Spoon, use Karabiner Elements to set them to `display_brightness_decrement` and `display_brightness_increment`.\n\nDownload: [https://github.com/Hammerspoon/Spoons/raw/master/Spoons/AllBrightness.spoon.zip](https://github.com/Hammerspoon/Spoons/raw/master/Spoons/AllBrightness.spoon.zip)",
    "submodules": [],
    "type": "Module"
  }
]