[
  {
    "Command": [],
    "Constant": [],
    "Constructor": [],
    "Deprecated": [],
    "Field": [],
    "Function": [],
    "Method": [
      {
        "def": "MiroWindowsManager:bindHotkeys()",
        "desc": "Binds hotkeys for Miro's Windows Manager",
        "doc": "Binds hotkeys for Miro's Windows Manager\nParameters:\n * mapping - A table containing hotkey details for the following items:\n  * up: for the up action (usually {hyper, \"up\"})\n  * right: for the right action (usually {hyper, \"right\"})\n  * down: for the down action (usually {hyper, \"down\"})\n  * left: for the left action (usually {hyper, \"left\"})\n  * fullscreen: for the full-screen action (e.g. {hyper, \"f\"})\n\nA configuration example can be:\n```\nlocal hyper = {\"ctrl\", \"alt\", \"cmd\"}\nspoon.MiroWindowsManager:bindHotkeys({\n  up = {hyper, \"up\"},\n  right = {hyper, \"right\"},\n  down = {hyper, \"down\"},\n  left = {hyper, \"left\"},\n  fullscreen = {hyper, \"f\"}\n})\n```",
        "name": "bindHotkeys",
        "parameters": [
          " * mapping - A table containing hotkey details for the following items:",
          "  * up: for the up action (usually {hyper, \"up\"})",
          "  * right: for the right action (usually {hyper, \"right\"})",
          "  * down: for the down action (usually {hyper, \"down\"})",
          "  * left: for the left action (usually {hyper, \"left\"})",
          "  * fullscreen: for the full-screen action (e.g. {hyper, \"f\"})"
        ],
        "signature": "MiroWindowsManager:bindHotkeys()",
        "stripped_doc": "A configuration example can be:\n```\nlocal hyper = {\"ctrl\", \"alt\", \"cmd\"}\nspoon.MiroWindowsManager:bindHotkeys({\n  up = {hyper, \"up\"},\n  right = {hyper, \"right\"},\n  down = {hyper, \"down\"},\n  left = {hyper, \"left\"},\n  fullscreen = {hyper, \"f\"}\n})\n```",
        "type": "Method"
      }
    ],
    "Variable": [
      {
        "def": "MiroWindowsManager.fullScreenSizes",
        "desc": "The sizes that the window can have in full-screen. ",
        "doc": "The sizes that the window can have in full-screen. \nThe sizes are expressed as dividend of the entire screen's size.\nFor example `{1, 4/3, 2}` means that it can be 1/1 (hence full screen), 3/4 and 1/2 of the total screen's size",
        "name": "fullScreenSizes",
        "signature": "MiroWindowsManager.fullScreenSizes",
        "stripped_doc": "The sizes are expressed as dividend of the entire screen's size.\nFor example `{1, 4/3, 2}` means that it can be 1/1 (hence full screen), 3/4 and 1/2 of the total screen's size",
        "type": "Variable"
      },
      {
        "def": "MiroWindowsManager.GRID",
        "desc": "The screen's size using `hs.grid.setGrid()`",
        "doc": "The screen's size using `hs.grid.setGrid()`\nThis parameter is used at the spoon's `:init()`",
        "name": "GRID",
        "signature": "MiroWindowsManager.GRID",
        "stripped_doc": "This parameter is used at the spoon's `:init()`",
        "type": "Variable"
      },
      {
        "def": "MiroWindowsManager.sizes",
        "desc": "The sizes that the window can have. ",
        "doc": "The sizes that the window can have. \nThe sizes are expressed as dividend of the entire screen's size.\nFor example `{2, 3, 3/2}` means that it can be 1/2, 1/3 and 2/3 of the total screen's size",
        "name": "sizes",
        "signature": "MiroWindowsManager.sizes",
        "stripped_doc": "The sizes are expressed as dividend of the entire screen's size.\nFor example `{2, 3, 3/2}` means that it can be 1/2, 1/3 and 2/3 of the total screen's size",
        "type": "Variable"
      }
    ],
    "desc": "With this script you will be able to move the window in halves and in corners using your keyboard and mainly using arrows. You would also be able to resize them by thirds, quarters, or halves.",
    "doc": "With this script you will be able to move the window in halves and in corners using your keyboard and mainly using arrows. You would also be able to resize them by thirds, quarters, or halves.\n\nOfficial homepage for more info and documentation: [https://github.com/miromannino/miro-windows-manager](https://github.com/miromannino/miro-windows-manager)\n\nDownload: [https://github.com/miromannino/miro-windows-manager/raw/master/MiroWindowsManager.spoon.zip](https://github.com/miromannino/miro-windows-manager/raw/master/MiroWindowsManager.spoon.zip)\n",
    "items": [
      {
        "def": "MiroWindowsManager:bindHotkeys()",
        "desc": "Binds hotkeys for Miro's Windows Manager",
        "doc": "Binds hotkeys for Miro's Windows Manager\nParameters:\n * mapping - A table containing hotkey details for the following items:\n  * up: for the up action (usually {hyper, \"up\"})\n  * right: for the right action (usually {hyper, \"right\"})\n  * down: for the down action (usually {hyper, \"down\"})\n  * left: for the left action (usually {hyper, \"left\"})\n  * fullscreen: for the full-screen action (e.g. {hyper, \"f\"})\n\nA configuration example can be:\n```\nlocal hyper = {\"ctrl\", \"alt\", \"cmd\"}\nspoon.MiroWindowsManager:bindHotkeys({\n  up = {hyper, \"up\"},\n  right = {hyper, \"right\"},\n  down = {hyper, \"down\"},\n  left = {hyper, \"left\"},\n  fullscreen = {hyper, \"f\"}\n})\n```",
        "name": "bindHotkeys",
        "parameters": [
          " * mapping - A table containing hotkey details for the following items:",
          "  * up: for the up action (usually {hyper, \"up\"})",
          "  * right: for the right action (usually {hyper, \"right\"})",
          "  * down: for the down action (usually {hyper, \"down\"})",
          "  * left: for the left action (usually {hyper, \"left\"})",
          "  * fullscreen: for the full-screen action (e.g. {hyper, \"f\"})"
        ],
        "signature": "MiroWindowsManager:bindHotkeys()",
        "stripped_doc": "A configuration example can be:\n```\nlocal hyper = {\"ctrl\", \"alt\", \"cmd\"}\nspoon.MiroWindowsManager:bindHotkeys({\n  up = {hyper, \"up\"},\n  right = {hyper, \"right\"},\n  down = {hyper, \"down\"},\n  left = {hyper, \"left\"},\n  fullscreen = {hyper, \"f\"}\n})\n```",
        "type": "Method"
      },
      {
        "def": "MiroWindowsManager.fullScreenSizes",
        "desc": "The sizes that the window can have in full-screen. ",
        "doc": "The sizes that the window can have in full-screen. \nThe sizes are expressed as dividend of the entire screen's size.\nFor example `{1, 4/3, 2}` means that it can be 1/1 (hence full screen), 3/4 and 1/2 of the total screen's size",
        "name": "fullScreenSizes",
        "signature": "MiroWindowsManager.fullScreenSizes",
        "stripped_doc": "The sizes are expressed as dividend of the entire screen's size.\nFor example `{1, 4/3, 2}` means that it can be 1/1 (hence full screen), 3/4 and 1/2 of the total screen's size",
        "type": "Variable"
      },
      {
        "def": "MiroWindowsManager.GRID",
        "desc": "The screen's size using `hs.grid.setGrid()`",
        "doc": "The screen's size using `hs.grid.setGrid()`\nThis parameter is used at the spoon's `:init()`",
        "name": "GRID",
        "signature": "MiroWindowsManager.GRID",
        "stripped_doc": "This parameter is used at the spoon's `:init()`",
        "type": "Variable"
      },
      {
        "def": "MiroWindowsManager.sizes",
        "desc": "The sizes that the window can have. ",
        "doc": "The sizes that the window can have. \nThe sizes are expressed as dividend of the entire screen's size.\nFor example `{2, 3, 3/2}` means that it can be 1/2, 1/3 and 2/3 of the total screen's size",
        "name": "sizes",
        "signature": "MiroWindowsManager.sizes",
        "stripped_doc": "The sizes are expressed as dividend of the entire screen's size.\nFor example `{2, 3, 3/2}` means that it can be 1/2, 1/3 and 2/3 of the total screen's size",
        "type": "Variable"
      }
    ],
    "name": "MiroWindowsManager",
    "stripped_doc": "\nOfficial homepage for more info and documentation: [https://github.com/miromannino/miro-windows-manager](https://github.com/miromannino/miro-windows-manager)\n\nDownload: [https://github.com/miromannino/miro-windows-manager/raw/master/MiroWindowsManager.spoon.zip](https://github.com/miromannino/miro-windows-manager/raw/master/MiroWindowsManager.spoon.zip)\n",
    "submodules": [],
    "type": "Module"
  }
]