[
  {
    "Command": [],
    "Constant": [],
    "Constructor": [],
    "Deprecated": [],
    "Field": [],
    "Function": [],
    "Method": [
      {
        "def": "HSearch:loadSources()",
        "desc": "Load new sources from `HSearch.search_path`, the search_path defaults to `~/.hammerspoon/private/hsearch_dir` and the HSearch Spoon directory. Only useful for debugging purposes.",
        "doc": "Load new sources from `HSearch.search_path`, the search_path defaults to `~/.hammerspoon/private/hsearch_dir` and the HSearch Spoon directory. Only useful for debugging purposes.\n\nParameters:\n * None\n",
        "examples": [],
        "file": "Source/HSearch.spoon//init.lua",
        "lineno": "187",
        "name": "loadSources",
        "notes": [],
        "parameters": [
          " * None"
        ],
        "returns": [],
        "signature": "HSearch:loadSources()",
        "stripped_doc": "",
        "type": "Method"
      },
      {
        "def": "HSearch:switchSource()",
        "desc": "Trigger new source according to `hs.chooser`'s query string and keyword. Only useful for debugging purposes.",
        "doc": "Trigger new source according to `hs.chooser`'s query string and keyword. Only useful for debugging purposes.\n\nParameters:\n * None\n",
        "examples": [],
        "file": "Source/HSearch.spoon//init.lua",
        "lineno": "99",
        "name": "switchSource",
        "notes": [],
        "parameters": [
          " * None"
        ],
        "returns": [],
        "signature": "HSearch:switchSource()",
        "stripped_doc": "",
        "type": "Method"
      },
      {
        "def": "HSearch:toggleShow()",
        "desc": "Toggle the display of HSearch",
        "doc": "Toggle the display of HSearch\n\nParameters:\n * None\n",
        "examples": [],
        "file": "Source/HSearch.spoon//init.lua",
        "lineno": "243",
        "name": "toggleShow",
        "notes": [],
        "parameters": [
          " * None"
        ],
        "returns": [],
        "signature": "HSearch:toggleShow()",
        "stripped_doc": "",
        "type": "Method"
      }
    ],
    "Variable": [],
    "desc": "Hammerspoon Search",
    "doc": "Hammerspoon Search\n\nDownload: [https://github.com/Hammerspoon/Spoons/raw/master/Spoons/HSearch.spoon.zip](https://github.com/Hammerspoon/Spoons/raw/master/Spoons/HSearch.spoon.zip)",
    "items": [
      {
        "def": "HSearch:loadSources()",
        "desc": "Load new sources from `HSearch.search_path`, the search_path defaults to `~/.hammerspoon/private/hsearch_dir` and the HSearch Spoon directory. Only useful for debugging purposes.",
        "doc": "Load new sources from `HSearch.search_path`, the search_path defaults to `~/.hammerspoon/private/hsearch_dir` and the HSearch Spoon directory. Only useful for debugging purposes.\n\nParameters:\n * None\n",
        "examples": [],
        "file": "Source/HSearch.spoon//init.lua",
        "lineno": "187",
        "name": "loadSources",
        "notes": [],
        "parameters": [
          " * None"
        ],
        "returns": [],
        "signature": "HSearch:loadSources()",
        "stripped_doc": "",
        "type": "Method"
      },
      {
        "def": "HSearch:switchSource()",
        "desc": "Trigger new source according to `hs.chooser`'s query string and keyword. Only useful for debugging purposes.",
        "doc": "Trigger new source according to `hs.chooser`'s query string and keyword. Only useful for debugging purposes.\n\nParameters:\n * None\n",
        "examples": [],
        "file": "Source/HSearch.spoon//init.lua",
        "lineno": "99",
        "name": "switchSource",
        "notes": [],
        "parameters": [
          " * None"
        ],
        "returns": [],
        "signature": "HSearch:switchSource()",
        "stripped_doc": "",
        "type": "Method"
      },
      {
        "def": "HSearch:toggleShow()",
        "desc": "Toggle the display of HSearch",
        "doc": "Toggle the display of HSearch\n\nParameters:\n * None\n",
        "examples": [],
        "file": "Source/HSearch.spoon//init.lua",
        "lineno": "243",
        "name": "toggleShow",
        "notes": [],
        "parameters": [
          " * None"
        ],
        "returns": [],
        "signature": "HSearch:toggleShow()",
        "stripped_doc": "",
        "type": "Method"
      }
    ],
    "name": "HSearch",
    "stripped_doc": "\nDownload: [https://github.com/Hammerspoon/Spoons/raw/master/Spoons/HSearch.spoon.zip](https://github.com/Hammerspoon/Spoons/raw/master/Spoons/HSearch.spoon.zip)",
    "submodules": [],
    "type": "Module"
  }
]