[
  {
    "Command": [],
    "Constant": [],
    "Constructor": [],
    "Deprecated": [],
    "Field": [],
    "Function": [],
    "Method": [
      {
        "def": "HSaria2:connectToHost(hostaddr, secret)",
        "desc": "Try connect to `hostaddr` with `secret`. If succeed, they will become default values for following-up oprations.",
        "doc": "Try connect to `hostaddr` with `secret`. If succeed, they will become default values for following-up oprations.\n\nParameters:\n * hostaddr - A sring specifying aria2 RPC host, including host name and port address. e.g. \"http://localhost:6800/jsonrpc\".\n * secret - A string specifying host secret",
        "name": "connectToHost",
        "parameters": [
          " * hostaddr - A sring specifying aria2 RPC host, including host name and port address. e.g. \"http://localhost:6800/jsonrpc\".",
          " * secret - A string specifying host secret"
        ],
        "signature": "HSaria2:connectToHost(hostaddr, secret)",
        "stripped_doc": "",
        "type": "Method"
      },
      {
        "def": "HSaria2:newTask(tasktype, urls, hostaddr, secret)",
        "desc": "Create new regular/bt/metalink task, and send notification when done.",
        "doc": "Create new regular/bt/metalink task, and send notification when done.\n\nParameters:\n * tasktype - A string specifying task type. The value is one of these: `addUri`, `addTorrent`, `addMetalink`, `nil`. When tasktype is `nil`, aria2 will create a regular download task.\n * urls - A string or a table specifying URL. Multi URLs (table) are only available when tasktype is `addUri` or `nil`.\n * hostaddr - A optional sring specifying aria2 RPC host\n * secret - A optional string specifying host secret",
        "name": "newTask",
        "parameters": [
          " * tasktype - A string specifying task type. The value is one of these: `addUri`, `addTorrent`, `addMetalink`, `nil`. When tasktype is `nil`, aria2 will create a regular download task.",
          " * urls - A string or a table specifying URL. Multi URLs (table) are only available when tasktype is `addUri` or `nil`.",
          " * hostaddr - A optional sring specifying aria2 RPC host",
          " * secret - A optional string specifying host secret"
        ],
        "signature": "HSaria2:newTask(tasktype, urls, hostaddr, secret)",
        "stripped_doc": "",
        "type": "Method"
      },
      {
        "def": "HSaria2:sendCommand(command, gid, hostaddr, secret)",
        "desc": "Send a command to `hostaddr`, only limited commands are supported.",
        "doc": "Send a command to `hostaddr`, only limited commands are supported.\n\nParameters:\n * command - A string specifying sending command. The value is one of these: `remove`, `forceRemove`, `pause`, `pauseAll`, `forcePause`, `forcePauseAll`, `unpause`, `unpauseAll`, `purgeDownloadResult`, `removeDownloadResult`.\n * gid - A string specifying GID (aria2 identifies each download by the ID called GID). This Parameter can be optional or not according to the value of `command`.\n * hostaddr - A optional sring specifying aria2 RPC host\n * secret - A optional string specifying host secret",
        "name": "sendCommand",
        "parameters": [
          " * command - A string specifying sending command. The value is one of these: `remove`, `forceRemove`, `pause`, `pauseAll`, `forcePause`, `forcePauseAll`, `unpause`, `unpauseAll`, `purgeDownloadResult`, `removeDownloadResult`.",
          " * gid - A string specifying GID (aria2 identifies each download by the ID called GID). This Parameter can be optional or not according to the value of `command`.",
          " * hostaddr - A optional sring specifying aria2 RPC host",
          " * secret - A optional string specifying host secret"
        ],
        "signature": "HSaria2:sendCommand(command, gid, hostaddr, secret)",
        "stripped_doc": "",
        "type": "Method"
      },
      {
        "def": "HSaria2:togglePanel()",
        "desc": "Toggle the display of aria2 panel. The panel allows users to interact with aria2, add new tasks, pause them, or remove, purge … etc.",
        "doc": "Toggle the display of aria2 panel. The panel allows users to interact with aria2, add new tasks, pause them, or remove, purge … etc.\n",
        "name": "togglePanel",
        "signature": "HSaria2:togglePanel()",
        "stripped_doc": "",
        "type": "Method"
      }
    ],
    "Variable": [
      {
        "def": "HSaria2.max_items",
        "desc": "How many items should be created on aria2 panel? Defaults to 5.",
        "doc": "How many items should be created on aria2 panel? Defaults to 5.",
        "name": "max_items",
        "signature": "HSaria2.max_items",
        "stripped_doc": "",
        "type": "Variable"
      },
      {
        "def": "HSaria2.refresh_interval",
        "desc": "How often should HSaria2 retrieve data from RPC server? Defaults to 1 (second).",
        "doc": "How often should HSaria2 retrieve data from RPC server? Defaults to 1 (second).",
        "name": "refresh_interval",
        "signature": "HSaria2.refresh_interval",
        "stripped_doc": "",
        "type": "Variable"
      }
    ],
    "desc": "Communicate with [aria2](https://github.com/aria2/aria2), an interactive panel included.",
    "doc": "Communicate with [aria2](https://github.com/aria2/aria2), an interactive panel included.\n\nDownload: [https://github.com/Hammerspoon/Spoons/raw/master/Spoons/HSaria2.spoon.zip](https://github.com/Hammerspoon/Spoons/raw/master/Spoons/HSaria2.spoon.zip)",
    "items": [
      {
        "def": "HSaria2:connectToHost(hostaddr, secret)",
        "desc": "Try connect to `hostaddr` with `secret`. If succeed, they will become default values for following-up oprations.",
        "doc": "Try connect to `hostaddr` with `secret`. If succeed, they will become default values for following-up oprations.\n\nParameters:\n * hostaddr - A sring specifying aria2 RPC host, including host name and port address. e.g. \"http://localhost:6800/jsonrpc\".\n * secret - A string specifying host secret",
        "name": "connectToHost",
        "parameters": [
          " * hostaddr - A sring specifying aria2 RPC host, including host name and port address. e.g. \"http://localhost:6800/jsonrpc\".",
          " * secret - A string specifying host secret"
        ],
        "signature": "HSaria2:connectToHost(hostaddr, secret)",
        "stripped_doc": "",
        "type": "Method"
      },
      {
        "def": "HSaria2.max_items",
        "desc": "How many items should be created on aria2 panel? Defaults to 5.",
        "doc": "How many items should be created on aria2 panel? Defaults to 5.",
        "name": "max_items",
        "signature": "HSaria2.max_items",
        "stripped_doc": "",
        "type": "Variable"
      },
      {
        "def": "HSaria2:newTask(tasktype, urls, hostaddr, secret)",
        "desc": "Create new regular/bt/metalink task, and send notification when done.",
        "doc": "Create new regular/bt/metalink task, and send notification when done.\n\nParameters:\n * tasktype - A string specifying task type. The value is one of these: `addUri`, `addTorrent`, `addMetalink`, `nil`. When tasktype is `nil`, aria2 will create a regular download task.\n * urls - A string or a table specifying URL. Multi URLs (table) are only available when tasktype is `addUri` or `nil`.\n * hostaddr - A optional sring specifying aria2 RPC host\n * secret - A optional string specifying host secret",
        "name": "newTask",
        "parameters": [
          " * tasktype - A string specifying task type. The value is one of these: `addUri`, `addTorrent`, `addMetalink`, `nil`. When tasktype is `nil`, aria2 will create a regular download task.",
          " * urls - A string or a table specifying URL. Multi URLs (table) are only available when tasktype is `addUri` or `nil`.",
          " * hostaddr - A optional sring specifying aria2 RPC host",
          " * secret - A optional string specifying host secret"
        ],
        "signature": "HSaria2:newTask(tasktype, urls, hostaddr, secret)",
        "stripped_doc": "",
        "type": "Method"
      },
      {
        "def": "HSaria2.refresh_interval",
        "desc": "How often should HSaria2 retrieve data from RPC server? Defaults to 1 (second).",
        "doc": "How often should HSaria2 retrieve data from RPC server? Defaults to 1 (second).",
        "name": "refresh_interval",
        "signature": "HSaria2.refresh_interval",
        "stripped_doc": "",
        "type": "Variable"
      },
      {
        "def": "HSaria2:sendCommand(command, gid, hostaddr, secret)",
        "desc": "Send a command to `hostaddr`, only limited commands are supported.",
        "doc": "Send a command to `hostaddr`, only limited commands are supported.\n\nParameters:\n * command - A string specifying sending command. The value is one of these: `remove`, `forceRemove`, `pause`, `pauseAll`, `forcePause`, `forcePauseAll`, `unpause`, `unpauseAll`, `purgeDownloadResult`, `removeDownloadResult`.\n * gid - A string specifying GID (aria2 identifies each download by the ID called GID). This Parameter can be optional or not according to the value of `command`.\n * hostaddr - A optional sring specifying aria2 RPC host\n * secret - A optional string specifying host secret",
        "name": "sendCommand",
        "parameters": [
          " * command - A string specifying sending command. The value is one of these: `remove`, `forceRemove`, `pause`, `pauseAll`, `forcePause`, `forcePauseAll`, `unpause`, `unpauseAll`, `purgeDownloadResult`, `removeDownloadResult`.",
          " * gid - A string specifying GID (aria2 identifies each download by the ID called GID). This Parameter can be optional or not according to the value of `command`.",
          " * hostaddr - A optional sring specifying aria2 RPC host",
          " * secret - A optional string specifying host secret"
        ],
        "signature": "HSaria2:sendCommand(command, gid, hostaddr, secret)",
        "stripped_doc": "",
        "type": "Method"
      },
      {
        "def": "HSaria2:togglePanel()",
        "desc": "Toggle the display of aria2 panel. The panel allows users to interact with aria2, add new tasks, pause them, or remove, purge … etc.",
        "doc": "Toggle the display of aria2 panel. The panel allows users to interact with aria2, add new tasks, pause them, or remove, purge … etc.\n",
        "name": "togglePanel",
        "signature": "HSaria2:togglePanel()",
        "stripped_doc": "",
        "type": "Method"
      }
    ],
    "name": "HSaria2",
    "stripped_doc": "\nDownload: [https://github.com/Hammerspoon/Spoons/raw/master/Spoons/HSaria2.spoon.zip](https://github.com/Hammerspoon/Spoons/raw/master/Spoons/HSaria2.spoon.zip)",
    "submodules": [],
    "type": "Module"
  }
]