[
  {
    "Command": [],
    "Constant": [],
    "Constructor": [],
    "Deprecated": [],
    "Field": [],
    "Function": [],
    "Method": [
      {
        "def": "ToggleZoomTeamsMute:bindHotkeys(mapping)",
        "desc": "Binds hotkeys for ToggleZoomTeamsMute",
        "doc": "Binds hotkeys for ToggleZoomTeamsMute\n\nParameters:\n * mapping - A table containing hotkey modifier/key details for the following items:\n  * toggle_zoomteams - Mute/unmute active conversation in ZoomTeams",
        "name": "bindHotkeys",
        "parameters": [
          " * mapping - A table containing hotkey modifier/key details for the following items:",
          "  * toggle_zoomteams - Mute/unmute active conversation in ZoomTeams",
        ],
        "signature": "ToggleZoomTeamsMute:bindHotkeys(mapping)",
        "stripped_doc": "",
        "type": "Method"
      },
      {
        "def": "ToggleZoomTeamsMute:toggle(app)",
        "desc": "Toggle ZoomTeams between muted/unmuted, whether it is focused or not",
        "doc": "Toggle ZoomTeams between muted/unmuted, whether it is focused or not\n\nParameters:\n * app - name of the application to mute/unmute. Defaults to \"ZoomTeams\".\n\nReturns:\n * None",
        "name": "toggle",
        "parameters": [
          " * app - name of the application to mute/unmute. Defaults to \"ZoomTeams\"."
        ],
        "returns": [
          " * None"
        ],
        "signature": "ToggleZoomTeamsMute:toggle(app)",
        "stripped_doc": "",
        "type": "Method"
      }
    ],
    "Variable": [
      {
        "def": "ToggleZoomTeamsMute.logger",
        "desc": "Logger object used within the Spoon. Can be accessed to set the default log level for the messages coming from the Spoon.",
        "doc": "Logger object used within the Spoon. Can be accessed to set the default log level for the messages coming from the Spoon.",
        "name": "logger",
        "signature": "ToggleZoomTeamsMute.logger",
        "stripped_doc": "",
        "type": "Variable"
      }
    ],
    "desc": "Provide keybindings for muting/unmuting ZoomTeams",
    "doc": "Provide keybindings for muting/unmuting ZoomTeams\n\n",
    "items": [
      {
        "def": "ToggleZoomTeamsMute:bindHotkeys(mapping)",
        "desc": "Binds hotkeys for ToggleZoomTeamsMute",
        "doc": "Binds hotkeys for ToggleZoomTeamsMute\n\nParameters:\n * mapping - A table containing hotkey modifier/key details for the following items:\n  * toggle_zoomteams - Mute/unmute active conversation in ZoomTeams",
        "name": "bindHotkeys",
        "parameters": [
          " * mapping - A table containing hotkey modifier/key details for the following items:",
          "  * toggle_zoomteams - Mute/unmute active conversation in ZoomTeams"
        ],
        "signature": "ToggleZoomTeamsMute:bindHotkeys(mapping)",
        "stripped_doc": "",
        "type": "Method"
      },
      {
        "def": "ToggleZoomTeamsMute.logger",
        "desc": "Logger object used within the Spoon. Can be accessed to set the default log level for the messages coming from the Spoon.",
        "doc": "Logger object used within the Spoon. Can be accessed to set the default log level for the messages coming from the Spoon.",
        "name": "logger",
        "signature": "ToggleZoomTeamsMute.logger",
        "stripped_doc": "",
        "type": "Variable"
      },
      {
        "def": "ToggleZoomTeamsMute:toggle(app)",
        "desc": "Toggle ZoomTeams between muted/unmuted, whether it is focused or not",
        "doc": "Toggle ZoomTeams between muted/unmuted, whether it is focused or not\n\nParameters:\n * app - name of the application to mute/unmute. Defaults to \"ZoomTeams\".\n\nReturns:\n * None",
        "name": "toggle",
        "parameters": [
          " * app - name of the application to mute/unmute. Defaults to \"ZoomTeams\"."
        ],
        "returns": [
          " * None"
        ],
        "signature": "ToggleZoomTeamsMute:toggle(app)",
        "stripped_doc": "",
        "type": "Method"
      }
    ],
    "name": "ToggleZoomTeamsMute",
    "submodules": [],
    "type": "Module"
  }
]