[
  {
    "Command": [],
    "Constant": [],
    "Constructor": [],
    "Deprecated": [],
    "Field": [],
    "Function": [],
    "Method": [],
    "Variable": [],
    "desc": "A widget showing time flown in one year.",
    "doc": "A widget showing time flown in one year.\n\nDownload: [https://github.com/Hammerspoon/Spoons/raw/master/Spoons/TimeFlow.spoon.zip](https://github.com/Hammerspoon/Spoons/raw/master/Spoons/TimeFlow.spoon.zip)",
    "items": [],
    "name": "TimeFlow",
    "stripped_doc": "\nDownload: [https://github.com/Hammerspoon/Spoons/raw/master/Spoons/TimeFlow.spoon.zip](https://github.com/Hammerspoon/Spoons/raw/master/Spoons/TimeFlow.spoon.zip)",
    "submodules": [],
    "type": "Module"
  }
]