[
  {
    "Command": [],
    "Constant": [],
    "Constructor": [],
    "Deprecated": [],
    "Field": [],
    "Function": [],
    "Method": [],
    "Variable": [
      {
        "def": "BingDaily.uhd_resolution",
        "desc": "If `true`, download image in UHD resolution instead of HD. Defaults to `false`.",
        "doc": "If `true`, download image in UHD resolution instead of HD. Defaults to `false`.",
        "file": "Source/BingDaily.spoon//init.lua",
        "lineno": "17",
        "name": "uhd_resolution",
        "signature": "BingDaily.uhd_resolution",
        "stripped_doc": "",
        "type": "Variable"
      }
    ],
    "desc": "Use Bing daily picture as your wallpaper, automatically.",
    "doc": "Use Bing daily picture as your wallpaper, automatically.\n\nDownload: [https://github.com/Hammerspoon/Spoons/raw/master/Spoons/BingDaily.spoon.zip](https://github.com/Hammerspoon/Spoons/raw/master/Spoons/BingDaily.spoon.zip)",
    "items": [
      {
        "def": "BingDaily.uhd_resolution",
        "desc": "If `true`, download image in UHD resolution instead of HD. Defaults to `false`.",
        "doc": "If `true`, download image in UHD resolution instead of HD. Defaults to `false`.",
        "file": "Source/BingDaily.spoon//init.lua",
        "lineno": "17",
        "name": "uhd_resolution",
        "signature": "BingDaily.uhd_resolution",
        "stripped_doc": "",
        "type": "Variable"
      }
    ],
    "name": "BingDaily",
    "stripped_doc": "\nDownload: [https://github.com/Hammerspoon/Spoons/raw/master/Spoons/BingDaily.spoon.zip](https://github.com/Hammerspoon/Spoons/raw/master/Spoons/BingDaily.spoon.zip)",
    "submodules": [],
    "type": "Module"
  }
]