[
  {
    "Command": [],
    "Constant": [],
    "Constructor": [],
    "Deprecated": [],
    "Field": [],
    "Function": [],
    "Method": [],
    "Variable": [],
    "desc": "Use Bing daily picture as your wallpaper, automatically.",
    "doc": "Use Bing daily picture as your wallpaper, automatically.\n\nDownload: [https://github.com/Hammerspoon/Spoons/raw/master/Spoons/BingDaily.spoon.zip](https://github.com/Hammerspoon/Spoons/raw/master/Spoons/BingDaily.spoon.zip)",
    "items": [],
    "name": "BingDaily",
    "stripped_doc": "\nDownload: [https://github.com/Hammerspoon/Spoons/raw/master/Spoons/BingDaily.spoon.zip](https://github.com/Hammerspoon/Spoons/raw/master/Spoons/BingDaily.spoon.zip)",
    "submodules": [],
    "type": "Module"
  }
]