[
  {
    "Command": [],
    "Constant": [],
    "Constructor": [],
    "Deprecated": [],
    "Field": [],
    "Function": [],
    "Method": [
      {
        "def": "MicMute:bindHotkeys(mapping, latch_timeout)",
        "desc": "Binds hotkeys for MicMute",
        "doc": "Binds hotkeys for MicMute\n\nParameters:\n * mapping - A table containing hotkey modifier/key details for the following items:\n  * toggle - This will cause the microphone mute status to be toggled. Hold for momentary, press quickly for toggle.\n * latch_timeout - Time in seconds to hold the hotkey before momentary mode takes over, in which the mute will be toggled again when hotkey is released. Latch if released before this time. 0.75 for 750 milliseconds is a good value.",
        "examples": [],
        "file": "Source/MicMute.spoon//init.lua",
        "lineno": "78",
        "name": "bindHotkeys",
        "notes": [],
        "parameters": [
          " * mapping - A table containing hotkey modifier/key details for the following items:\n   * toggle - This will cause the microphone mute status to be toggled. Hold for momentary, press quickly for toggle.",
          " * latch_timeout - Time in seconds to hold the hotkey before momentary mode takes over, in which the mute will be toggled again when hotkey is released. Latch if released before this time. 0.75 for 750 milliseconds is a good value."
        ],
        "returns": [],
        "signature": "MicMute:bindHotkeys(mapping, latch_timeout)",
        "stripped_doc": "",
        "type": "Method"
      },
      {
        "def": "MicMute:toggleMicMute()",
        "desc": "Toggle mic mute on/off",
        "doc": "Toggle mic mute on/off\n\nParameters:\n * None",
        "examples": [],
        "file": "Source/MicMute.spoon//init.lua",
        "lineno": "28",
        "name": "toggleMicMute",
        "notes": [],
        "parameters": [
          " * None"
        ],
        "returns": [],
        "signature": "MicMute:toggleMicMute()",
        "stripped_doc": "",
        "type": "Method"
      }
    ],
    "Variable": [],
    "desc": "Microphone Mute Toggle and status indicator",
    "doc": "Microphone Mute Toggle and status indicator\n\nDownload: [https://github.com/Hammerspoon/Spoons/raw/master/Spoons/MicMute.spoon.zip](https://github.com/Hammerspoon/Spoons/raw/master/Spoons/MicMute.spoon.zip)",
    "items": [
      {
        "def": "MicMute:bindHotkeys(mapping, latch_timeout)",
        "desc": "Binds hotkeys for MicMute",
        "doc": "Binds hotkeys for MicMute\n\nParameters:\n * mapping - A table containing hotkey modifier/key details for the following items:\n  * toggle - This will cause the microphone mute status to be toggled. Hold for momentary, press quickly for toggle.\n * latch_timeout - Time in seconds to hold the hotkey before momentary mode takes over, in which the mute will be toggled again when hotkey is released. Latch if released before this time. 0.75 for 750 milliseconds is a good value.",
        "examples": [],
        "file": "Source/MicMute.spoon//init.lua",
        "lineno": "78",
        "name": "bindHotkeys",
        "notes": [],
        "parameters": [
          " * mapping - A table containing hotkey modifier/key details for the following items:\n   * toggle - This will cause the microphone mute status to be toggled. Hold for momentary, press quickly for toggle.",
          " * latch_timeout - Time in seconds to hold the hotkey before momentary mode takes over, in which the mute will be toggled again when hotkey is released. Latch if released before this time. 0.75 for 750 milliseconds is a good value."
        ],
        "returns": [],
        "signature": "MicMute:bindHotkeys(mapping, latch_timeout)",
        "stripped_doc": "",
        "type": "Method"
      },
      {
        "def": "MicMute:toggleMicMute()",
        "desc": "Toggle mic mute on/off",
        "doc": "Toggle mic mute on/off\n\nParameters:\n * None",
        "examples": [],
        "file": "Source/MicMute.spoon//init.lua",
        "lineno": "28",
        "name": "toggleMicMute",
        "notes": [],
        "parameters": [
          " * None"
        ],
        "returns": [],
        "signature": "MicMute:toggleMicMute()",
        "stripped_doc": "",
        "type": "Method"
      }
    ],
    "name": "MicMute",
    "stripped_doc": "\nDownload: [https://github.com/Hammerspoon/Spoons/raw/master/Spoons/MicMute.spoon.zip](https://github.com/Hammerspoon/Spoons/raw/master/Spoons/MicMute.spoon.zip)",
    "submodules": [],
    "type": "Module"
  }
]