[
  {
    "Command": [],
    "Constant": [],
    "Constructor": [],
    "Deprecated": [],
    "Field": [],
    "Function": [],
    "Method": [
      {
        "def": "MountedVolumes:bindHotkeys(mapping)",
        "desc": "Binds hotkeys for MountedVolumes",
        "doc": "Binds hotkeys for MountedVolumes\n\nParameters:\n * `mapping` - A table containing hotkey modifier/key details for one or more of the following commands:\n   * \"show\"   - Show the volume list\n   * \"hide\"   - Hide the volume list\n   * \"toggle\" - If the volume list is visible then hide it; otherwise show the list.\n\nReturns:\n * None\n\nNotes:\n * the `mapping` table is a table of one or more key-value pairs of the format `command = { { modifiers }, key }` where:\n   * `command`   - is one of the commands listed above\n   * `modifiers` - is a table containing keyboard modifiers, as specified in `hs.hotkey.bind()`\n   * `key`       - is a string containing the name of a keyboard key, as specified in `hs.hotkey.bind()`",
        "name": "bindHotkeys",
        "notes": [
          " * the `mapping` table is a table of one or more key-value pairs of the format `command = { { modifiers }, key }` where:",
          "   * `command`   - is one of the commands listed above",
          "   * `modifiers` - is a table containing keyboard modifiers, as specified in `hs.hotkey.bind()`",
          "   * `key`       - is a string containing the name of a keyboard key, as specified in `hs.hotkey.bind()`"
        ],
        "parameters": [
          " * `mapping` - A table containing hotkey modifier/key details for one or more of the following commands:",
          "   * \"show\"   - Show the volume list",
          "   * \"hide\"   - Hide the volume list",
          "   * \"toggle\" - If the volume list is visible then hide it; otherwise show the list."
        ],
        "returns": [
          " * None"
        ],
        "signature": "MountedVolumes:bindHotkeys(mapping)",
        "stripped_doc": "",
        "type": "Method"
      },
      {
        "def": "MountedVolumes:hide()",
        "desc": "Hide the volumes panel on the background and stop watching for volume changes",
        "doc": "Hide the volumes panel on the background and stop watching for volume changes\n\nParameters:\n * None\n\nReturns:\n * The MountedVolumes object",
        "name": "hide",
        "parameters": [
          " * None"
        ],
        "returns": [
          " * The MountedVolumes object"
        ],
        "signature": "MountedVolumes:hide()",
        "stripped_doc": "",
        "type": "Method"
      },
      {
        "def": "MountedVolumes:show()",
        "desc": "Display the volumes panel on the background and update it as volumes are mounted and unmounted.",
        "doc": "Display the volumes panel on the background and update it as volumes are mounted and unmounted.\n\nParameters:\n * None\n\nReturns:\n * The MountedVolumes object\n\nNotes:\n * If you make a change to any of the variables defining the visual appearance of the volume list, you can force the change to take immediate effect by invoking this method, even if the volume list is already being displayed.",
        "name": "show",
        "notes": [
          " * If you make a change to any of the variables defining the visual appearance of the volume list, you can force the change to take immediate effect by invoking this method, even if the volume list is already being displayed."
        ],
        "parameters": [
          " * None"
        ],
        "returns": [
          " * The MountedVolumes object"
        ],
        "signature": "MountedVolumes:show()",
        "stripped_doc": "",
        "type": "Method"
      }
    ],
    "Variable": [
      {
        "def": "MountedVolumes.backgroundBorder",
        "desc": "A table, as defined in `hs.drawing.color`, specifying the color of the volume lists border. Defaults to `{ alpha = .5 }`",
        "doc": "A table, as defined in `hs.drawing.color`, specifying the color of the volume lists border. Defaults to `{ alpha = .5 }`\n\nChanges will take effect when the next volume change occurs, when the next usage check occurs (see `MountedVolumes.checkInterval`), or when `MountedVolumes:show` is invoked, whichever occurs first.",
        "name": "backgroundBorder",
        "signature": "MountedVolumes.backgroundBorder",
        "stripped_doc": "Changes will take effect when the next volume change occurs, when the next usage check occurs (see `MountedVolumes.checkInterval`), or when `MountedVolumes:show` is invoked, whichever occurs first.",
        "type": "Variable"
      },
      {
        "def": "MountedVolumes.backgroundColor",
        "desc": "A table, as defined in `hs.drawing.color`, specifying the color of the volume lists background. Defaults to `{ alpha = .7, white = .5 }`",
        "doc": "A table, as defined in `hs.drawing.color`, specifying the color of the volume lists background. Defaults to `{ alpha = .7, white = .5 }`\n\nChanges will take effect when the next volume change occurs, when the next usage check occurs (see `MountedVolumes.checkInterval`), or when `MountedVolumes:show` is invoked, whichever occurs first.",
        "name": "backgroundColor",
        "signature": "MountedVolumes.backgroundColor",
        "stripped_doc": "Changes will take effect when the next volume change occurs, when the next usage check occurs (see `MountedVolumes.checkInterval`), or when `MountedVolumes:show` is invoked, whichever occurs first.",
        "type": "Variable"
      },
      {
        "def": "MountedVolumes.capacityColor",
        "desc": "A table, as defined in `hs.drawing.color`, specifying the color to use for the in use portion of the volume's capacity pie chart. Defaults to `hs.drawing.color.x11.orangered`",
        "doc": "A table, as defined in `hs.drawing.color`, specifying the color to use for the in use portion of the volume's capacity pie chart. Defaults to `hs.drawing.color.x11.orangered`\n\nChanges will take effect when the next volume change occurs, when the next usage check occurs (see `MountedVolumes.checkInterval`), or when `MountedVolumes:show` is invoked, whichever occurs first.",
        "name": "capacityColor",
        "signature": "MountedVolumes.capacityColor",
        "stripped_doc": "Changes will take effect when the next volume change occurs, when the next usage check occurs (see `MountedVolumes.checkInterval`), or when `MountedVolumes:show` is invoked, whichever occurs first.",
        "type": "Variable"
      },
      {
        "def": "MountedVolumes.checkInterval",
        "desc": "A number, default 120, specifying how often in seconds the free space on mounted volumes should be polled for current usage data.",
        "doc": "A number, default 120, specifying how often in seconds the free space on mounted volumes should be polled for current usage data.\n\nChanges will take effect when the next volume change occurs, when the next usage check occurs (see `MountedVolumes.checkInterval`), or when `MountedVolumes:show` is invoked, whichever occurs first.",
        "name": "checkInterval",
        "signature": "MountedVolumes.checkInterval",
        "stripped_doc": "Changes will take effect when the next volume change occurs, when the next usage check occurs (see `MountedVolumes.checkInterval`), or when `MountedVolumes:show` is invoked, whichever occurs first.",
        "type": "Variable"
      },
      {
        "def": "MountedVolumes.cornerRadius",
        "desc": "A number, default 5, specifying how rounded the corners of the volume list background should be.",
        "doc": "A number, default 5, specifying how rounded the corners of the volume list background should be.\n\nChanges will take effect when the next volume change occurs, when the next usage check occurs (see `MountedVolumes.checkInterval`), or when `MountedVolumes:show` is invoked, whichever occurs first.",
        "name": "cornerRadius",
        "signature": "MountedVolumes.cornerRadius",
        "stripped_doc": "Changes will take effect when the next volume change occurs, when the next usage check occurs (see `MountedVolumes.checkInterval`), or when `MountedVolumes:show` is invoked, whichever occurs first.",
        "type": "Variable"
      },
      {
        "def": "MountedVolumes.enableEjectButton",
        "desc": "A boolean, default true, indicating whether the eject button displayed next to removable volumes is enabled.",
        "doc": "A boolean, default true, indicating whether the eject button displayed next to removable volumes is enabled.\n\nChanges will take effect when the next volume change occurs, when the next usage check occurs (see `MountedVolumes.checkInterval`), or when `MountedVolumes:show` is invoked, whichever occurs first.",
        "name": "enableEjectButton",
        "signature": "MountedVolumes.enableEjectButton",
        "stripped_doc": "Changes will take effect when the next volume change occurs, when the next usage check occurs (see `MountedVolumes.checkInterval`), or when `MountedVolumes:show` is invoked, whichever occurs first.",
        "type": "Variable"
      },
      {
        "def": "MountedVolumes.freeColor",
        "desc": "A table, as defined in `hs.drawing.color`, specifying the color to use for the free portion of the volume's capacity pie chart. Defaults to `hs.drawing.color.x11.mediumspringgreen`",
        "doc": "A table, as defined in `hs.drawing.color`, specifying the color to use for the free portion of the volume's capacity pie chart. Defaults to `hs.drawing.color.x11.mediumspringgreen`\n\nChanges will take effect when the next volume change occurs, when the next usage check occurs (see `MountedVolumes.checkInterval`), or when `MountedVolumes:show` is invoked, whichever occurs first.",
        "name": "freeColor",
        "signature": "MountedVolumes.freeColor",
        "stripped_doc": "Changes will take effect when the next volume change occurs, when the next usage check occurs (see `MountedVolumes.checkInterval`), or when `MountedVolumes:show` is invoked, whichever occurs first.",
        "type": "Variable"
      },
      {
        "def": "MountedVolumes.growsDownwards",
        "desc": "A boolean, default true, indicating whether the displayed list grows downwards or upwards as more volumes are mounted.",
        "doc": "A boolean, default true, indicating whether the displayed list grows downwards or upwards as more volumes are mounted.\nNote that if this value is true, then `MountedVolumes.location` specifies the upper left corner of the display.  If this value is false, then `MountedVolumes.location` specifies the bottom left corner of the display.\n\nChanges will take effect when the next volume change occurs, when the next usage check occurs (see `MountedVolumes.checkInterval`), or when `MountedVolumes:show` is invoked, whichever occurs first.",
        "name": "growsDownwards",
        "signature": "MountedVolumes.growsDownwards",
        "stripped_doc": "Note that if this value is true, then `MountedVolumes.location` specifies the upper left corner of the display.  If this value is false, then `MountedVolumes.location` specifies the bottom left corner of the display.\nChanges will take effect when the next volume change occurs, when the next usage check occurs (see `MountedVolumes.checkInterval`), or when `MountedVolumes:show` is invoked, whichever occurs first.",
        "type": "Variable"
      },
      {
        "def": "MountedVolumes.location",
        "desc": "A table specifying the location on the screen of the starting corner of the display. Defaults to `{ x = 20, y = 22 }`.",
        "doc": "A table specifying the location on the screen of the starting corner of the display. Defaults to `{ x = 20, y = 22 }`.\nSee also `MountedValues.growsDownwards`.\n\nChanges will take effect when the next volume change occurs, when the next usage check occurs (see `MountedVolumes.checkInterval`), or when `MountedVolumes:show` is invoked, whichever occurs first.",
        "name": "location",
        "signature": "MountedVolumes.location",
        "stripped_doc": "See also `MountedValues.growsDownwards`.\nChanges will take effect when the next volume change occurs, when the next usage check occurs (see `MountedVolumes.checkInterval`), or when `MountedVolumes:show` is invoked, whichever occurs first.",
        "type": "Variable"
      },
      {
        "def": "MountedVolumes.textStyle",
        "desc": "A table specifying the style as defined in `hs.styledtext` to display the volume name and usage details with. Defaults to:",
        "doc": "A table specifying the style as defined in `hs.styledtext` to display the volume name and usage details with. Defaults to:\n\n    {\n        font = { name = \"Menlo\", size = 10 },\n        color = { alpha = 1.0 },\n        paragraphStyle = { alignment = \"center\" },\n    }\n\nChanges will take effect when the next volume change occurs, when the next usage check occurs (see `MountedVolumes.checkInterval`), or when `MountedVolumes:show` is invoked, whichever occurs first.",
        "name": "textStyle",
        "signature": "MountedVolumes.textStyle",
        "stripped_doc": "    {\n        font = { name = \"Menlo\", size = 10 },\n        color = { alpha = 1.0 },\n        paragraphStyle = { alignment = \"center\" },\n    }\nChanges will take effect when the next volume change occurs, when the next usage check occurs (see `MountedVolumes.checkInterval`), or when `MountedVolumes:show` is invoked, whichever occurs first.",
        "type": "Variable"
      },
      {
        "def": "MountedVolumes.unitsInSI",
        "desc": "Boolean, default false, indicating whether capacity is displayed in SI units (1 GB = 10^9 bytes) or Gibibytes (1 GiB = 2^30 bytes).",
        "doc": "Boolean, default false, indicating whether capacity is displayed in SI units (1 GB = 10^9 bytes) or Gibibytes (1 GiB = 2^30 bytes).\n\nChanges will take effect when the next volume change occurs, when the next usage check occurs (see `MountedVolumes.checkInterval`), or when `MountedVolumes:show` is invoked, whichever occurs first.",
        "name": "unitsInSI",
        "signature": "MountedVolumes.unitsInSI",
        "stripped_doc": "Changes will take effect when the next volume change occurs, when the next usage check occurs (see `MountedVolumes.checkInterval`), or when `MountedVolumes:show` is invoked, whichever occurs first.",
        "type": "Variable"
      }
    ],
    "desc": "Displays a list of mounted volumes and a pie chart for each indicating free space on the desktop",
    "doc": "Displays a list of mounted volumes and a pie chart for each indicating free space on the desktop\n\nDownload: https://github.com/Hammerspoon/Spoons/raw/master/Spoons/MountedVolumes.spoon.zip",
    "items": [
      {
        "def": "MountedVolumes.backgroundBorder",
        "desc": "A table, as defined in `hs.drawing.color`, specifying the color of the volume lists border. Defaults to `{ alpha = .5 }`",
        "doc": "A table, as defined in `hs.drawing.color`, specifying the color of the volume lists border. Defaults to `{ alpha = .5 }`\n\nChanges will take effect when the next volume change occurs, when the next usage check occurs (see `MountedVolumes.checkInterval`), or when `MountedVolumes:show` is invoked, whichever occurs first.",
        "name": "backgroundBorder",
        "signature": "MountedVolumes.backgroundBorder",
        "stripped_doc": "Changes will take effect when the next volume change occurs, when the next usage check occurs (see `MountedVolumes.checkInterval`), or when `MountedVolumes:show` is invoked, whichever occurs first.",
        "type": "Variable"
      },
      {
        "def": "MountedVolumes.backgroundColor",
        "desc": "A table, as defined in `hs.drawing.color`, specifying the color of the volume lists background. Defaults to `{ alpha = .7, white = .5 }`",
        "doc": "A table, as defined in `hs.drawing.color`, specifying the color of the volume lists background. Defaults to `{ alpha = .7, white = .5 }`\n\nChanges will take effect when the next volume change occurs, when the next usage check occurs (see `MountedVolumes.checkInterval`), or when `MountedVolumes:show` is invoked, whichever occurs first.",
        "name": "backgroundColor",
        "signature": "MountedVolumes.backgroundColor",
        "stripped_doc": "Changes will take effect when the next volume change occurs, when the next usage check occurs (see `MountedVolumes.checkInterval`), or when `MountedVolumes:show` is invoked, whichever occurs first.",
        "type": "Variable"
      },
      {
        "def": "MountedVolumes:bindHotkeys(mapping)",
        "desc": "Binds hotkeys for MountedVolumes",
        "doc": "Binds hotkeys for MountedVolumes\n\nParameters:\n * `mapping` - A table containing hotkey modifier/key details for one or more of the following commands:\n   * \"show\"   - Show the volume list\n   * \"hide\"   - Hide the volume list\n   * \"toggle\" - If the volume list is visible then hide it; otherwise show the list.\n\nReturns:\n * None\n\nNotes:\n * the `mapping` table is a table of one or more key-value pairs of the format `command = { { modifiers }, key }` where:\n   * `command`   - is one of the commands listed above\n   * `modifiers` - is a table containing keyboard modifiers, as specified in `hs.hotkey.bind()`\n   * `key`       - is a string containing the name of a keyboard key, as specified in `hs.hotkey.bind()`",
        "name": "bindHotkeys",
        "notes": [
          " * the `mapping` table is a table of one or more key-value pairs of the format `command = { { modifiers }, key }` where:",
          "   * `command`   - is one of the commands listed above",
          "   * `modifiers` - is a table containing keyboard modifiers, as specified in `hs.hotkey.bind()`",
          "   * `key`       - is a string containing the name of a keyboard key, as specified in `hs.hotkey.bind()`"
        ],
        "parameters": [
          " * `mapping` - A table containing hotkey modifier/key details for one or more of the following commands:",
          "   * \"show\"   - Show the volume list",
          "   * \"hide\"   - Hide the volume list",
          "   * \"toggle\" - If the volume list is visible then hide it; otherwise show the list."
        ],
        "returns": [
          " * None"
        ],
        "signature": "MountedVolumes:bindHotkeys(mapping)",
        "stripped_doc": "",
        "type": "Method"
      },
      {
        "def": "MountedVolumes.capacityColor",
        "desc": "A table, as defined in `hs.drawing.color`, specifying the color to use for the in use portion of the volume's capacity pie chart. Defaults to `hs.drawing.color.x11.orangered`",
        "doc": "A table, as defined in `hs.drawing.color`, specifying the color to use for the in use portion of the volume's capacity pie chart. Defaults to `hs.drawing.color.x11.orangered`\n\nChanges will take effect when the next volume change occurs, when the next usage check occurs (see `MountedVolumes.checkInterval`), or when `MountedVolumes:show` is invoked, whichever occurs first.",
        "name": "capacityColor",
        "signature": "MountedVolumes.capacityColor",
        "stripped_doc": "Changes will take effect when the next volume change occurs, when the next usage check occurs (see `MountedVolumes.checkInterval`), or when `MountedVolumes:show` is invoked, whichever occurs first.",
        "type": "Variable"
      },
      {
        "def": "MountedVolumes.checkInterval",
        "desc": "A number, default 120, specifying how often in seconds the free space on mounted volumes should be polled for current usage data.",
        "doc": "A number, default 120, specifying how often in seconds the free space on mounted volumes should be polled for current usage data.\n\nChanges will take effect when the next volume change occurs, when the next usage check occurs (see `MountedVolumes.checkInterval`), or when `MountedVolumes:show` is invoked, whichever occurs first.",
        "name": "checkInterval",
        "signature": "MountedVolumes.checkInterval",
        "stripped_doc": "Changes will take effect when the next volume change occurs, when the next usage check occurs (see `MountedVolumes.checkInterval`), or when `MountedVolumes:show` is invoked, whichever occurs first.",
        "type": "Variable"
      },
      {
        "def": "MountedVolumes.cornerRadius",
        "desc": "A number, default 5, specifying how rounded the corners of the volume list background should be.",
        "doc": "A number, default 5, specifying how rounded the corners of the volume list background should be.\n\nChanges will take effect when the next volume change occurs, when the next usage check occurs (see `MountedVolumes.checkInterval`), or when `MountedVolumes:show` is invoked, whichever occurs first.",
        "name": "cornerRadius",
        "signature": "MountedVolumes.cornerRadius",
        "stripped_doc": "Changes will take effect when the next volume change occurs, when the next usage check occurs (see `MountedVolumes.checkInterval`), or when `MountedVolumes:show` is invoked, whichever occurs first.",
        "type": "Variable"
      },
      {
        "def": "MountedVolumes.enableEjectButton",
        "desc": "A boolean, default true, indicating whether the eject button displayed next to removable volumes is enabled.",
        "doc": "A boolean, default true, indicating whether the eject button displayed next to removable volumes is enabled.\n\nChanges will take effect when the next volume change occurs, when the next usage check occurs (see `MountedVolumes.checkInterval`), or when `MountedVolumes:show` is invoked, whichever occurs first.",
        "name": "enableEjectButton",
        "signature": "MountedVolumes.enableEjectButton",
        "stripped_doc": "Changes will take effect when the next volume change occurs, when the next usage check occurs (see `MountedVolumes.checkInterval`), or when `MountedVolumes:show` is invoked, whichever occurs first.",
        "type": "Variable"
      },
      {
        "def": "MountedVolumes.freeColor",
        "desc": "A table, as defined in `hs.drawing.color`, specifying the color to use for the free portion of the volume's capacity pie chart. Defaults to `hs.drawing.color.x11.mediumspringgreen`",
        "doc": "A table, as defined in `hs.drawing.color`, specifying the color to use for the free portion of the volume's capacity pie chart. Defaults to `hs.drawing.color.x11.mediumspringgreen`\n\nChanges will take effect when the next volume change occurs, when the next usage check occurs (see `MountedVolumes.checkInterval`), or when `MountedVolumes:show` is invoked, whichever occurs first.",
        "name": "freeColor",
        "signature": "MountedVolumes.freeColor",
        "stripped_doc": "Changes will take effect when the next volume change occurs, when the next usage check occurs (see `MountedVolumes.checkInterval`), or when `MountedVolumes:show` is invoked, whichever occurs first.",
        "type": "Variable"
      },
      {
        "def": "MountedVolumes.growsDownwards",
        "desc": "A boolean, default true, indicating whether the displayed list grows downwards or upwards as more volumes are mounted.",
        "doc": "A boolean, default true, indicating whether the displayed list grows downwards or upwards as more volumes are mounted.\nNote that if this value is true, then `MountedVolumes.location` specifies the upper left corner of the display.  If this value is false, then `MountedVolumes.location` specifies the bottom left corner of the display.\n\nChanges will take effect when the next volume change occurs, when the next usage check occurs (see `MountedVolumes.checkInterval`), or when `MountedVolumes:show` is invoked, whichever occurs first.",
        "name": "growsDownwards",
        "signature": "MountedVolumes.growsDownwards",
        "stripped_doc": "Note that if this value is true, then `MountedVolumes.location` specifies the upper left corner of the display.  If this value is false, then `MountedVolumes.location` specifies the bottom left corner of the display.\nChanges will take effect when the next volume change occurs, when the next usage check occurs (see `MountedVolumes.checkInterval`), or when `MountedVolumes:show` is invoked, whichever occurs first.",
        "type": "Variable"
      },
      {
        "def": "MountedVolumes:hide()",
        "desc": "Hide the volumes panel on the background and stop watching for volume changes",
        "doc": "Hide the volumes panel on the background and stop watching for volume changes\n\nParameters:\n * None\n\nReturns:\n * The MountedVolumes object",
        "name": "hide",
        "parameters": [
          " * None"
        ],
        "returns": [
          " * The MountedVolumes object"
        ],
        "signature": "MountedVolumes:hide()",
        "stripped_doc": "",
        "type": "Method"
      },
      {
        "def": "MountedVolumes.location",
        "desc": "A table specifying the location on the screen of the starting corner of the display. Defaults to `{ x = 20, y = 22 }`.",
        "doc": "A table specifying the location on the screen of the starting corner of the display. Defaults to `{ x = 20, y = 22 }`.\nSee also `MountedValues.growsDownwards`.\n\nChanges will take effect when the next volume change occurs, when the next usage check occurs (see `MountedVolumes.checkInterval`), or when `MountedVolumes:show` is invoked, whichever occurs first.",
        "name": "location",
        "signature": "MountedVolumes.location",
        "stripped_doc": "See also `MountedValues.growsDownwards`.\nChanges will take effect when the next volume change occurs, when the next usage check occurs (see `MountedVolumes.checkInterval`), or when `MountedVolumes:show` is invoked, whichever occurs first.",
        "type": "Variable"
      },
      {
        "def": "MountedVolumes:show()",
        "desc": "Display the volumes panel on the background and update it as volumes are mounted and unmounted.",
        "doc": "Display the volumes panel on the background and update it as volumes are mounted and unmounted.\n\nParameters:\n * None\n\nReturns:\n * The MountedVolumes object\n\nNotes:\n * If you make a change to any of the variables defining the visual appearance of the volume list, you can force the change to take immediate effect by invoking this method, even if the volume list is already being displayed.",
        "name": "show",
        "notes": [
          " * If you make a change to any of the variables defining the visual appearance of the volume list, you can force the change to take immediate effect by invoking this method, even if the volume list is already being displayed."
        ],
        "parameters": [
          " * None"
        ],
        "returns": [
          " * The MountedVolumes object"
        ],
        "signature": "MountedVolumes:show()",
        "stripped_doc": "",
        "type": "Method"
      },
      {
        "def": "MountedVolumes.textStyle",
        "desc": "A table specifying the style as defined in `hs.styledtext` to display the volume name and usage details with. Defaults to:",
        "doc": "A table specifying the style as defined in `hs.styledtext` to display the volume name and usage details with. Defaults to:\n\n    {\n        font = { name = \"Menlo\", size = 10 },\n        color = { alpha = 1.0 },\n        paragraphStyle = { alignment = \"center\" },\n    }\n\nChanges will take effect when the next volume change occurs, when the next usage check occurs (see `MountedVolumes.checkInterval`), or when `MountedVolumes:show` is invoked, whichever occurs first.",
        "name": "textStyle",
        "signature": "MountedVolumes.textStyle",
        "stripped_doc": "    {\n        font = { name = \"Menlo\", size = 10 },\n        color = { alpha = 1.0 },\n        paragraphStyle = { alignment = \"center\" },\n    }\nChanges will take effect when the next volume change occurs, when the next usage check occurs (see `MountedVolumes.checkInterval`), or when `MountedVolumes:show` is invoked, whichever occurs first.",
        "type": "Variable"
      },
      {
        "def": "MountedVolumes.unitsInSI",
        "desc": "Boolean, default false, indicating whether capacity is displayed in SI units (1 GB = 10^9 bytes) or Gibibytes (1 GiB = 2^30 bytes).",
        "doc": "Boolean, default false, indicating whether capacity is displayed in SI units (1 GB = 10^9 bytes) or Gibibytes (1 GiB = 2^30 bytes).\n\nChanges will take effect when the next volume change occurs, when the next usage check occurs (see `MountedVolumes.checkInterval`), or when `MountedVolumes:show` is invoked, whichever occurs first.",
        "name": "unitsInSI",
        "signature": "MountedVolumes.unitsInSI",
        "stripped_doc": "Changes will take effect when the next volume change occurs, when the next usage check occurs (see `MountedVolumes.checkInterval`), or when `MountedVolumes:show` is invoked, whichever occurs first.",
        "type": "Variable"
      }
    ],
    "name": "MountedVolumes",
    "stripped_doc": "\nDownload: https://github.com/Hammerspoon/Spoons/raw/master/Spoons/MountedVolumes.spoon.zip",
    "submodules": [],
    "type": "Module"
  }
]