[
  {
    "Constant" : [

    ],
    "submodules" : [

    ],
    "Function" : [

    ],
    "Variable" : [

    ],
    "stripped_doc" : [

    ],
    "desc" : "An much-needed eject menu for your Mac menu bar.",
    "Deprecated" : [

    ],
    "type" : "Module",
    "Constructor" : [

    ],
    "doc" : "An much-needed eject menu for your Mac menu bar.\nConfigurable properties.\n ejectAllHotkey\n\nDownload: [https:\/\/github.com\/Hammerspoon\/Spoons\/raw\/master\/Spoons\/EjectMenu.spoon.zip](https:\/\/github.com\/Hammerspoon\/Spoons\/raw\/master\/Spoons\/EjectMenu.spoon.zip)",
    "Field" : [

    ],
    "Command" : [

    ],
    "items" : [

    ],
    "Method" : [

    ],
    "name" : "Eject Menu"
  }
]
