[
  {
    "Command": [],
    "Constant": [],
    "Constructor": [],
    "Deprecated": [],
    "Field": [],
    "Function": [],
    "Method": [
      {
        "def": "ColorPicker:bindHotkeys(mapping)",
        "desc": "Binds hotkeys for ColorPicker",
        "doc": "Binds hotkeys for ColorPicker\n\nParameters:\n * mapping - A table containing hotkey objifier/key details for the following items:\n  * show - Show color picker menu",
        "name": "bindHotkeys",
        "parameters": [
          " * mapping - A table containing hotkey objifier/key details for the following items:",
          "  * show - Show color picker menu"
        ],
        "signature": "ColorPicker:bindHotkeys(mapping)",
        "stripped_doc": "",
        "type": "Method"
      },
      {
        "def": "ColorPicker.toggleColorSamples(tablename)",
        "desc": "Toggle display on the screen of a grid with all the colors in the given colortable",
        "doc": "Toggle display on the screen of a grid with all the colors in the given colortable\n\nParameters:\n * tablename - name of the colortable to display",
        "name": "toggleColorSamples",
        "parameters": [
          " * tablename - name of the colortable to display"
        ],
        "signature": "ColorPicker.toggleColorSamples(tablename)",
        "stripped_doc": "",
        "type": "Method"
      }
    ],
    "Variable": [
      {
        "def": "ColorPicker.logger",
        "desc": "Logger object used within the Spoon. Can be accessed to set the default log level for the messages coming from the Spoon.",
        "doc": "Logger object used within the Spoon. Can be accessed to set the default log level for the messages coming from the Spoon.",
        "name": "logger",
        "signature": "ColorPicker.logger",
        "stripped_doc": "",
        "type": "Variable"
      },
      {
        "def": "ColorPicker.menubar_title",
        "desc": "Title to show in the menubar if `show_in_menubar` is true. Defaults to `\"\\u{1F308}\"`, which is the [Rainbow Emoji](http://emojipedia.org/rainbow/)",
        "doc": "Title to show in the menubar if `show_in_menubar` is true. Defaults to `\"\\u{1F308}\"`, which is the [Rainbow Emoji](http://emojipedia.org/rainbow/)",
        "name": "menubar_title",
        "signature": "ColorPicker.menubar_title",
        "stripped_doc": "",
        "type": "Variable"
      },
      {
        "def": "ColorPicker.show_in_menubar",
        "desc": "If `true`, show an icon in the menubar to trigger the color picker",
        "doc": "If `true`, show an icon in the menubar to trigger the color picker",
        "name": "show_in_menubar",
        "signature": "ColorPicker.show_in_menubar",
        "stripped_doc": "",
        "type": "Variable"
      }
    ],
    "desc": "Show a color sample/picker",
    "doc": "Show a color sample/picker\n\nClicking on any color will copy its name to the clipboard, cmd-click will copy its RGB code.\n\nDownload: [https://github.com/Hammerspoon/Spoons/raw/master/Spoons/ColorPicker.spoon.zip](https://github.com/Hammerspoon/Spoons/raw/master/Spoons/ColorPicker.spoon.zip)",
    "items": [
      {
        "def": "ColorPicker:bindHotkeys(mapping)",
        "desc": "Binds hotkeys for ColorPicker",
        "doc": "Binds hotkeys for ColorPicker\n\nParameters:\n * mapping - A table containing hotkey objifier/key details for the following items:\n  * show - Show color picker menu",
        "name": "bindHotkeys",
        "parameters": [
          " * mapping - A table containing hotkey objifier/key details for the following items:",
          "  * show - Show color picker menu"
        ],
        "signature": "ColorPicker:bindHotkeys(mapping)",
        "stripped_doc": "",
        "type": "Method"
      },
      {
        "def": "ColorPicker.logger",
        "desc": "Logger object used within the Spoon. Can be accessed to set the default log level for the messages coming from the Spoon.",
        "doc": "Logger object used within the Spoon. Can be accessed to set the default log level for the messages coming from the Spoon.",
        "name": "logger",
        "signature": "ColorPicker.logger",
        "stripped_doc": "",
        "type": "Variable"
      },
      {
        "def": "ColorPicker.menubar_title",
        "desc": "Title to show in the menubar if `show_in_menubar` is true. Defaults to `\"\\u{1F308}\"`, which is the [Rainbow Emoji](http://emojipedia.org/rainbow/)",
        "doc": "Title to show in the menubar if `show_in_menubar` is true. Defaults to `\"\\u{1F308}\"`, which is the [Rainbow Emoji](http://emojipedia.org/rainbow/)",
        "name": "menubar_title",
        "signature": "ColorPicker.menubar_title",
        "stripped_doc": "",
        "type": "Variable"
      },
      {
        "def": "ColorPicker.show_in_menubar",
        "desc": "If `true`, show an icon in the menubar to trigger the color picker",
        "doc": "If `true`, show an icon in the menubar to trigger the color picker",
        "name": "show_in_menubar",
        "signature": "ColorPicker.show_in_menubar",
        "stripped_doc": "",
        "type": "Variable"
      },
      {
        "def": "ColorPicker.toggleColorSamples(tablename)",
        "desc": "Toggle display on the screen of a grid with all the colors in the given colortable",
        "doc": "Toggle display on the screen of a grid with all the colors in the given colortable\n\nParameters:\n * tablename - name of the colortable to display",
        "name": "toggleColorSamples",
        "parameters": [
          " * tablename - name of the colortable to display"
        ],
        "signature": "ColorPicker.toggleColorSamples(tablename)",
        "stripped_doc": "",
        "type": "Method"
      }
    ],
    "name": "ColorPicker",
    "stripped_doc": "\nClicking on any color will copy its name to the clipboard, cmd-click will copy its RGB code.\n\nDownload: [https://github.com/Hammerspoon/Spoons/raw/master/Spoons/ColorPicker.spoon.zip](https://github.com/Hammerspoon/Spoons/raw/master/Spoons/ColorPicker.spoon.zip)",
    "submodules": [],
    "type": "Module"
  }
]