[
  {
    "Constant" : [

    ],
    "submodules" : [

    ],
    "Function" : [

    ],
    "Variable" : [
      {
        "doc" : "`hs.geometry` object representing the size to use for the translation popup window. Defaults to `hs.geometry.size(770, 610)`.",
        "stripped_doc" : [
          "`hs.geometry` object representing the size to use for the translation popup window. Defaults to `hs.geometry.size(770, 610)`."
        ],
        "def" : "PopupTranslateSelection.popup_size",
        "desc" : "`hs.geometry` object representing the size to use for the translation popup window. Defaults to `hs.geometry.size(770, 610)`.",
        "notes" : [

        ],
        "signature" : "PopupTranslateSelection.popup_size",
        "type" : "Variable",
        "returns" : [

        ],
        "name" : "popup_size",
        "parameters" : [

        ]
      },
      {
        "doc" : "Value representing the window style to be used for the translation popup window. This value needs to be a valid argument to [`hs.webview.setStyle()`](http:\/\/www.hammerspoon.org\/docs\/hs.webview.html#windowStyle) (i.e. a combination of values from [`hs.webview.windowMasks`](http:\/\/www.hammerspoon.org\/docs\/hs.webview.html#windowMasks[]). Default value: `hs.webview.windowMasks.utility|hs.webview.windowMasks.HUD|hs.webview.windowMasks.titled|hs.webview.windowMasks.closable`",
        "stripped_doc" : [
          "Value representing the window style to be used for the translation popup window. This value needs to be a valid argument to [`hs.webview.setStyle()`](http:\/\/www.hammerspoon.org\/docs\/hs.webview.html#windowStyle) (i.e. a combination of values from [`hs.webview.windowMasks`](http:\/\/www.hammerspoon.org\/docs\/hs.webview.html#windowMasks[]). Default value: `hs.webview.windowMasks.utility|hs.webview.windowMasks.HUD|hs.webview.windowMasks.titled|hs.webview.windowMasks.closable`"
        ],
        "def" : "PopupTranslateSelection.popup_style",
        "desc" : "Value representing the window style to be used for the translation popup window. This value needs to be a valid argument to [`hs.webview.setStyle()`](http:\/\/www.hammerspoon.org\/docs\/hs.webview.html#windowStyle) (i.e. a combination of values from [`hs.webview.windowMasks`](http:\/\/www.hammerspoon.org\/docs\/hs.webview.html#windowMasks[]). Default value: `hs.webview.windowMasks.utility|hs.webview.windowMasks.HUD|hs.webview.windowMasks.titled|hs.webview.windowMasks.closable`",
        "notes" : [

        ],
        "signature" : "PopupTranslateSelection.popup_style",
        "type" : "Variable",
        "returns" : [

        ],
        "name" : "popup_style",
        "parameters" : [

        ]
      },
      {
        "doc" : "If true, pressing ESC on the popup window will close it. Defaults to `true`",
        "stripped_doc" : [
          "If true, pressing ESC on the popup window will close it. Defaults to `true`"
        ],
        "def" : "PopupTranslateSelection.popup_close_on_escape",
        "desc" : "If true, pressing ESC on the popup window will close it. Defaults to `true`",
        "notes" : [

        ],
        "signature" : "PopupTranslateSelection.popup_close_on_escape",
        "type" : "Variable",
        "returns" : [

        ],
        "name" : "popup_close_on_escape",
        "parameters" : [

        ]
      },
      {
        "doc" : "Logger object used within the Spoon. Can be accessed to set the default log level for the messages coming from the Spoon.",
        "stripped_doc" : [
          "Logger object used within the Spoon. Can be accessed to set the default log level for the messages coming from the Spoon."
        ],
        "def" : "PopupTranslateSelection.logger",
        "desc" : "Logger object used within the Spoon. Can be accessed to set the default log level for the messages coming from the Spoon.",
        "notes" : [

        ],
        "signature" : "PopupTranslateSelection.logger",
        "type" : "Variable",
        "returns" : [

        ],
        "name" : "logger",
        "parameters" : [

        ]
      }
    ],
    "stripped_doc" : [

    ],
    "Deprecated" : [

    ],
    "type" : "Module",
    "desc" : "Show a popup window with the translation of the currently selected (or other) text",
    "Constructor" : [

    ],
    "doc" : "Show a popup window with the translation of the currently selected (or other) text\n\nSupported language codes are listed at https:\/\/cloud.google.com\/translate\/docs\/languages\n\nDownload: [https:\/\/github.com\/Hammerspoon\/Spoons\/raw\/master\/Spoons\/PopupTranslateSelection.spoon.zip](https:\/\/github.com\/Hammerspoon\/Spoons\/raw\/master\/Spoons\/PopupTranslateSelection.spoon.zip)",
    "Method" : [
      {
        "doc" : "Display a translation popup with the translation of the given text between the specified languages\n\nParameters:\n * text - string containing the text to translate\n * to - two-letter code for destination language. If `nil`, Google Translate will use your most recent selection, or default to English\n * from - two-letter code for source language. If `nil`, Google Translate will try to auto-detect it\n\nReturns:\n * The PopupTranslateSelection object",
        "stripped_doc" : [
          "Display a translation popup with the translation of the given text between the specified languages",
          ""
        ],
        "def" : "PopupTranslateSelection:translatePopup(text, to, from)",
        "desc" : "Display a translation popup with the translation of the given text between the specified languages",
        "notes" : [

        ],
        "signature" : "PopupTranslateSelection:translatePopup(text, to, from)",
        "type" : "Method",
        "returns" : [
          " * The PopupTranslateSelection object"
        ],
        "name" : "translatePopup",
        "parameters" : [
          " * text - string containing the text to translate",
          " * to - two-letter code for destination language. If `nil`, Google Translate will use your most recent selection, or default to English",
          " * from - two-letter code for source language. If `nil`, Google Translate will try to auto-detect it",
          ""
        ]
      },
      {
        "doc" : "Get the current selected text in the frontmost window and display a translation popup with the translation between the specified languages\n\nParameters:\n * to - two-letter code for destination language. If `nil`, Google Translate will use your most recent selection, or default to English\n * from - two-letter code for source language. If `nil`, Google Translate will try to auto-detect it\n\nReturns:\n * The PopupTranslateSelection object",
        "stripped_doc" : [
          "Get the current selected text in the frontmost window and display a translation popup with the translation between the specified languages",
          ""
        ],
        "def" : "PopupTranslateSelection:translateSelectionPopup(to, from)",
        "desc" : "Get the current selected text in the frontmost window and display a translation popup with the translation between the specified languages",
        "notes" : [

        ],
        "signature" : "PopupTranslateSelection:translateSelectionPopup(to, from)",
        "type" : "Method",
        "returns" : [
          " * The PopupTranslateSelection object"
        ],
        "name" : "translateSelectionPopup",
        "parameters" : [
          " * to - two-letter code for destination language. If `nil`, Google Translate will use your most recent selection, or default to English",
          " * from - two-letter code for source language. If `nil`, Google Translate will try to auto-detect it",
          ""
        ]
      },
      {
        "doc" : "Binds hotkeys for PopupTranslateSelection\n\nParameters:\n * mapping - A table containing hotkey modifier\/key details for the following items:\n  * `translate` - translate the selected text without specifying source\/destination languages (source defaults to auto-detect, destination defaults to your last choice or to English)\n  * `translate_to_<lang>` - translate the selected text to the given destination language. Source language will be auto-detected.\n  * `translate_from_<lang>` - translate the selected text from the given destination language. Destination language will default to your last choice, or to English.\n  * `translate_<from>_<to>` - translate the selected text between the given languages.\n\nSample value for `mapping`:\n```\n {\n    translate_to_en = { { \"ctrl\", \"alt\", \"cmd\" }, \"e\" },\n    translate_to_de = { { \"ctrl\", \"alt\", \"cmd\" }, \"d\" },\n    translate_to_es = { { \"ctrl\", \"alt\", \"cmd\" }, \"s\" },\n    translate_de_en = { { \"shift\", \"ctrl\", \"alt\", \"cmd\" }, \"e\" },\n    translate_en_de = { { \"shift\", \"ctrl\", \"alt\", \"cmd\" }, \"d\" },\n }\n```",
        "stripped_doc" : [
          "Binds hotkeys for PopupTranslateSelection",
          ""
        ],
        "def" : "PopupTranslateSelection:bindHotkeys(mapping)",
        "desc" : "Binds hotkeys for PopupTranslateSelection",
        "notes" : [

        ],
        "signature" : "PopupTranslateSelection:bindHotkeys(mapping)",
        "type" : "Method",
        "returns" : [

        ],
        "name" : "bindHotkeys",
        "parameters" : [
          " * mapping - A table containing hotkey modifier\/key details for the following items:",
          "  * `translate` - translate the selected text without specifying source\/destination languages (source defaults to auto-detect, destination defaults to your last choice or to English)",
          "  * `translate_to_<lang>` - translate the selected text to the given destination language. Source language will be auto-detected.",
          "  * `translate_from_<lang>` - translate the selected text from the given destination language. Destination language will default to your last choice, or to English.",
          "  * `translate_<from>_<to>` - translate the selected text between the given languages.",
          "",
          "Sample value for `mapping`:",
          "```",
          " {",
          "    translate_to_en = { { \"ctrl\", \"alt\", \"cmd\" }, \"e\" },",
          "    translate_to_de = { { \"ctrl\", \"alt\", \"cmd\" }, \"d\" },",
          "    translate_to_es = { { \"ctrl\", \"alt\", \"cmd\" }, \"s\" },",
          "    translate_de_en = { { \"shift\", \"ctrl\", \"alt\", \"cmd\" }, \"e\" },",
          "    translate_en_de = { { \"shift\", \"ctrl\", \"alt\", \"cmd\" }, \"d\" },",
          " }",
          "```"
        ]
      }
    ],
    "Field" : [

    ],
    "items" : [
      {
        "doc" : "Logger object used within the Spoon. Can be accessed to set the default log level for the messages coming from the Spoon.",
        "stripped_doc" : [
          "Logger object used within the Spoon. Can be accessed to set the default log level for the messages coming from the Spoon."
        ],
        "def" : "PopupTranslateSelection.logger",
        "desc" : "Logger object used within the Spoon. Can be accessed to set the default log level for the messages coming from the Spoon.",
        "notes" : [

        ],
        "signature" : "PopupTranslateSelection.logger",
        "type" : "Variable",
        "returns" : [

        ],
        "name" : "logger",
        "parameters" : [

        ]
      },
      {
        "doc" : "If true, pressing ESC on the popup window will close it. Defaults to `true`",
        "stripped_doc" : [
          "If true, pressing ESC on the popup window will close it. Defaults to `true`"
        ],
        "def" : "PopupTranslateSelection.popup_close_on_escape",
        "desc" : "If true, pressing ESC on the popup window will close it. Defaults to `true`",
        "notes" : [

        ],
        "signature" : "PopupTranslateSelection.popup_close_on_escape",
        "type" : "Variable",
        "returns" : [

        ],
        "name" : "popup_close_on_escape",
        "parameters" : [

        ]
      },
      {
        "doc" : "`hs.geometry` object representing the size to use for the translation popup window. Defaults to `hs.geometry.size(770, 610)`.",
        "stripped_doc" : [
          "`hs.geometry` object representing the size to use for the translation popup window. Defaults to `hs.geometry.size(770, 610)`."
        ],
        "def" : "PopupTranslateSelection.popup_size",
        "desc" : "`hs.geometry` object representing the size to use for the translation popup window. Defaults to `hs.geometry.size(770, 610)`.",
        "notes" : [

        ],
        "signature" : "PopupTranslateSelection.popup_size",
        "type" : "Variable",
        "returns" : [

        ],
        "name" : "popup_size",
        "parameters" : [

        ]
      },
      {
        "doc" : "Value representing the window style to be used for the translation popup window. This value needs to be a valid argument to [`hs.webview.setStyle()`](http:\/\/www.hammerspoon.org\/docs\/hs.webview.html#windowStyle) (i.e. a combination of values from [`hs.webview.windowMasks`](http:\/\/www.hammerspoon.org\/docs\/hs.webview.html#windowMasks[]). Default value: `hs.webview.windowMasks.utility|hs.webview.windowMasks.HUD|hs.webview.windowMasks.titled|hs.webview.windowMasks.closable`",
        "stripped_doc" : [
          "Value representing the window style to be used for the translation popup window. This value needs to be a valid argument to [`hs.webview.setStyle()`](http:\/\/www.hammerspoon.org\/docs\/hs.webview.html#windowStyle) (i.e. a combination of values from [`hs.webview.windowMasks`](http:\/\/www.hammerspoon.org\/docs\/hs.webview.html#windowMasks[]). Default value: `hs.webview.windowMasks.utility|hs.webview.windowMasks.HUD|hs.webview.windowMasks.titled|hs.webview.windowMasks.closable`"
        ],
        "def" : "PopupTranslateSelection.popup_style",
        "desc" : "Value representing the window style to be used for the translation popup window. This value needs to be a valid argument to [`hs.webview.setStyle()`](http:\/\/www.hammerspoon.org\/docs\/hs.webview.html#windowStyle) (i.e. a combination of values from [`hs.webview.windowMasks`](http:\/\/www.hammerspoon.org\/docs\/hs.webview.html#windowMasks[]). Default value: `hs.webview.windowMasks.utility|hs.webview.windowMasks.HUD|hs.webview.windowMasks.titled|hs.webview.windowMasks.closable`",
        "notes" : [

        ],
        "signature" : "PopupTranslateSelection.popup_style",
        "type" : "Variable",
        "returns" : [

        ],
        "name" : "popup_style",
        "parameters" : [

        ]
      },
      {
        "doc" : "Binds hotkeys for PopupTranslateSelection\n\nParameters:\n * mapping - A table containing hotkey modifier\/key details for the following items:\n  * `translate` - translate the selected text without specifying source\/destination languages (source defaults to auto-detect, destination defaults to your last choice or to English)\n  * `translate_to_<lang>` - translate the selected text to the given destination language. Source language will be auto-detected.\n  * `translate_from_<lang>` - translate the selected text from the given destination language. Destination language will default to your last choice, or to English.\n  * `translate_<from>_<to>` - translate the selected text between the given languages.\n\nSample value for `mapping`:\n```\n {\n    translate_to_en = { { \"ctrl\", \"alt\", \"cmd\" }, \"e\" },\n    translate_to_de = { { \"ctrl\", \"alt\", \"cmd\" }, \"d\" },\n    translate_to_es = { { \"ctrl\", \"alt\", \"cmd\" }, \"s\" },\n    translate_de_en = { { \"shift\", \"ctrl\", \"alt\", \"cmd\" }, \"e\" },\n    translate_en_de = { { \"shift\", \"ctrl\", \"alt\", \"cmd\" }, \"d\" },\n }\n```",
        "stripped_doc" : [
          "Binds hotkeys for PopupTranslateSelection",
          ""
        ],
        "def" : "PopupTranslateSelection:bindHotkeys(mapping)",
        "desc" : "Binds hotkeys for PopupTranslateSelection",
        "notes" : [

        ],
        "signature" : "PopupTranslateSelection:bindHotkeys(mapping)",
        "type" : "Method",
        "returns" : [

        ],
        "name" : "bindHotkeys",
        "parameters" : [
          " * mapping - A table containing hotkey modifier\/key details for the following items:",
          "  * `translate` - translate the selected text without specifying source\/destination languages (source defaults to auto-detect, destination defaults to your last choice or to English)",
          "  * `translate_to_<lang>` - translate the selected text to the given destination language. Source language will be auto-detected.",
          "  * `translate_from_<lang>` - translate the selected text from the given destination language. Destination language will default to your last choice, or to English.",
          "  * `translate_<from>_<to>` - translate the selected text between the given languages.",
          "",
          "Sample value for `mapping`:",
          "```",
          " {",
          "    translate_to_en = { { \"ctrl\", \"alt\", \"cmd\" }, \"e\" },",
          "    translate_to_de = { { \"ctrl\", \"alt\", \"cmd\" }, \"d\" },",
          "    translate_to_es = { { \"ctrl\", \"alt\", \"cmd\" }, \"s\" },",
          "    translate_de_en = { { \"shift\", \"ctrl\", \"alt\", \"cmd\" }, \"e\" },",
          "    translate_en_de = { { \"shift\", \"ctrl\", \"alt\", \"cmd\" }, \"d\" },",
          " }",
          "```"
        ]
      },
      {
        "doc" : "Display a translation popup with the translation of the given text between the specified languages\n\nParameters:\n * text - string containing the text to translate\n * to - two-letter code for destination language. If `nil`, Google Translate will use your most recent selection, or default to English\n * from - two-letter code for source language. If `nil`, Google Translate will try to auto-detect it\n\nReturns:\n * The PopupTranslateSelection object",
        "stripped_doc" : [
          "Display a translation popup with the translation of the given text between the specified languages",
          ""
        ],
        "def" : "PopupTranslateSelection:translatePopup(text, to, from)",
        "desc" : "Display a translation popup with the translation of the given text between the specified languages",
        "notes" : [

        ],
        "signature" : "PopupTranslateSelection:translatePopup(text, to, from)",
        "type" : "Method",
        "returns" : [
          " * The PopupTranslateSelection object"
        ],
        "name" : "translatePopup",
        "parameters" : [
          " * text - string containing the text to translate",
          " * to - two-letter code for destination language. If `nil`, Google Translate will use your most recent selection, or default to English",
          " * from - two-letter code for source language. If `nil`, Google Translate will try to auto-detect it",
          ""
        ]
      },
      {
        "doc" : "Get the current selected text in the frontmost window and display a translation popup with the translation between the specified languages\n\nParameters:\n * to - two-letter code for destination language. If `nil`, Google Translate will use your most recent selection, or default to English\n * from - two-letter code for source language. If `nil`, Google Translate will try to auto-detect it\n\nReturns:\n * The PopupTranslateSelection object",
        "stripped_doc" : [
          "Get the current selected text in the frontmost window and display a translation popup with the translation between the specified languages",
          ""
        ],
        "def" : "PopupTranslateSelection:translateSelectionPopup(to, from)",
        "desc" : "Get the current selected text in the frontmost window and display a translation popup with the translation between the specified languages",
        "notes" : [

        ],
        "signature" : "PopupTranslateSelection:translateSelectionPopup(to, from)",
        "type" : "Method",
        "returns" : [
          " * The PopupTranslateSelection object"
        ],
        "name" : "translateSelectionPopup",
        "parameters" : [
          " * to - two-letter code for destination language. If `nil`, Google Translate will use your most recent selection, or default to English",
          " * from - two-letter code for source language. If `nil`, Google Translate will try to auto-detect it",
          ""
        ]
      }
    ],
    "Command" : [

    ],
    "name" : "PopupTranslateSelection"
  }
]
