[
  {
<<<<<<< HEAD
<<<<<<< HEAD
    "doc" : "Adds a hotkey to reload the hammerspoon configuration, and a pathwatcher to automatically reload on changes",
    "items" : [
      {
        "doc" : "List of directories to watch for changes, defaults to hs.configdir",
        "type" : "Variable",
        "name" : "watch_paths",
        "def" : "ReloadConfiguration.watch_paths"
      },
      {
        "doc" : "Binds hotkeys for ReloadConfiguration\n\nParameters:\n * reloadConfiguration - This will cause the configuration to be reloaded.",
=======
=======
>>>>>>> Add ReloadConfiguration spoon
    "doc" : "AllowsDraws a circle around the mouse pointer when a hotkey is pressed",
    "items" : [
      {
        "doc" : "An `hs.drawing.color` table defining the colour of the circle. Defaults to red.",
        "type" : "Variable",
        "name" : "color",
        "def" : "MouseCircle.color"
      },
      {
        "doc" : "Binds hotkeys for MouseCircle\n\nParameters:\n * mapping - A table containing hotkey modifier\/key details for the following items:\n  * show - This will cause the mouse circle to be drawn",
<<<<<<< HEAD
>>>>>>> Add ReloadConfiguration spoon
=======
>>>>>>> Add ReloadConfiguration spoon
        "type" : "Method",
        "name" : "bindHotkeys",
        "def" : "ReloadConfiguration:bindHotkeys(mapping)"
      },
      {
<<<<<<< HEAD
<<<<<<< HEAD
        "doc" : "Starts a pathwatch for each directory in watch_paths\n\nParameters:\n * None\n\nReturns:\n * None",
        "type" : "Method",
        "name" : "start",
        "def" : "ReloadConfiguration:start()"
=======
=======
>>>>>>> Add ReloadConfiguration spoon
        "doc" : "Draws a circle around the mouse\n\nParameters:\n * None\n\nReturns:\n * None",
        "type" : "Method",
        "name" : "reloadConfiguration",
        "def" : "ReloadConfiguration:reloadConfiguration()"
<<<<<<< HEAD
>>>>>>> Add ReloadConfiguration spoon
=======
>>>>>>> Add ReloadConfiguration spoon
      }
    ],
    "name" : "ReloadConfiguration",
    "desc" : "Reloads the configuration when a configuration file is changed or when a hotkey is pressed"
  }
]
