[
  {
    "Command": [],
    "Constant": [],
    "Constructor": [],
    "Deprecated": [],
    "Field": [],
    "Function": [],
    "Method": [
      {
        "def": "ZeroOffset:bindHotkeys(mapping)",
        "desc": "Binds hotkeys for ZeroOffset",
        "doc": "Binds hotkeys for ZeroOffset\n\nParameters:\n * mapping - A table containing hotkey objifier/key details for the following items:\n  * toggle - This will toggle the display of the UTC time in menubar\n\nReturns:\n * The ZeroOffset object",
        "examples": [],
        "file": "Source/ZeroOffset.spoon//init.lua",
        "lineno": "80",
        "name": "bindHotkeys",
        "notes": [],
        "parameters": [
          " * mapping - A table containing hotkey objifier/key details for the following items:\n   * toggle - This will toggle the display of the UTC time in menubar"
        ],
        "returns": [
          " * The ZeroOffset object"
        ],
        "signature": "ZeroOffset:bindHotkeys(mapping)",
        "stripped_doc": "",
        "type": "Method"
      },
      {
        "def": "ZeroOffset:init()",
        "desc": "Initial setup for ZeroOffset",
        "doc": "Initial setup for ZeroOffset\n\nParameters:\n * None\n\nReturns:\n * The ZeroOffset object",
        "examples": [],
        "file": "Source/ZeroOffset.spoon//init.lua",
        "lineno": "19",
        "name": "init",
        "notes": [],
        "parameters": [
          " * None"
        ],
        "returns": [
          " * The ZeroOffset object"
        ],
        "signature": "ZeroOffset:init()",
        "stripped_doc": "",
        "type": "Method"
      },
      {
        "def": "ZeroOffset:start()",
        "desc": "Starts ZeroOffset",
        "doc": "Starts ZeroOffset\n\nParameters:\n * None\n\nReturns:\n * The ZeroOffset object",
        "examples": [],
        "file": "Source/ZeroOffset.spoon//init.lua",
        "lineno": "36",
        "name": "start",
        "notes": [],
        "parameters": [
          " * None"
        ],
        "returns": [
          " * The ZeroOffset object"
        ],
        "signature": "ZeroOffset:start()",
        "stripped_doc": "",
        "type": "Method"
      },
      {
        "def": "ZeroOffset:stop()",
        "desc": "Stops ZeroOffset",
        "doc": "Stops ZeroOffset\n\nParameters:\n * None\n\nReturns:\n * The ZeroOffset object",
        "examples": [],
        "file": "Source/ZeroOffset.spoon//init.lua",
        "lineno": "56",
        "name": "stop",
        "notes": [],
        "parameters": [
          " * None"
        ],
        "returns": [
          " * The ZeroOffset object"
        ],
        "signature": "ZeroOffset:stop()",
        "stripped_doc": "",
        "type": "Method"
      }
    ],
    "Variable": [],
    "desc": "Display UTC time in the menu bar",
    "doc": "Display UTC time in the menu bar\n\nDownload: [https://github.com/gavinest/ZeroOffset/blob/main/Spoons/ZeroOffset.spoon.zip](https://github.com/gavinest/ZeroOffset/blob/main/Spoons/ZeroOffset.spoon.zip)",
    "items": [
      {
        "def": "ZeroOffset:bindHotkeys(mapping)",
        "desc": "Binds hotkeys for ZeroOffset",
        "doc": "Binds hotkeys for ZeroOffset\n\nParameters:\n * mapping - A table containing hotkey objifier/key details for the following items:\n  * toggle - This will toggle the display of the UTC time in menubar\n\nReturns:\n * The ZeroOffset object",
        "examples": [],
        "file": "Source/ZeroOffset.spoon//init.lua",
        "lineno": "80",
        "name": "bindHotkeys",
        "notes": [],
        "parameters": [
          " * mapping - A table containing hotkey objifier/key details for the following items:\n   * toggle - This will toggle the display of the UTC time in menubar"
        ],
        "returns": [
          " * The ZeroOffset object"
        ],
        "signature": "ZeroOffset:bindHotkeys(mapping)",
        "stripped_doc": "",
        "type": "Method"
      },
      {
        "def": "ZeroOffset:init()",
        "desc": "Initial setup for ZeroOffset",
        "doc": "Initial setup for ZeroOffset\n\nParameters:\n * None\n\nReturns:\n * The ZeroOffset object",
        "examples": [],
        "file": "Source/ZeroOffset.spoon//init.lua",
        "lineno": "19",
        "name": "init",
        "notes": [],
        "parameters": [
          " * None"
        ],
        "returns": [
          " * The ZeroOffset object"
        ],
        "signature": "ZeroOffset:init()",
        "stripped_doc": "",
        "type": "Method"
      },
      {
        "def": "ZeroOffset:start()",
        "desc": "Starts ZeroOffset",
        "doc": "Starts ZeroOffset\n\nParameters:\n * None\n\nReturns:\n * The ZeroOffset object",
        "examples": [],
        "file": "Source/ZeroOffset.spoon//init.lua",
        "lineno": "36",
        "name": "start",
        "notes": [],
        "parameters": [
          " * None"
        ],
        "returns": [
          " * The ZeroOffset object"
        ],
        "signature": "ZeroOffset:start()",
        "stripped_doc": "",
        "type": "Method"
      },
      {
        "def": "ZeroOffset:stop()",
        "desc": "Stops ZeroOffset",
        "doc": "Stops ZeroOffset\n\nParameters:\n * None\n\nReturns:\n * The ZeroOffset object",
        "examples": [],
        "file": "Source/ZeroOffset.spoon//init.lua",
        "lineno": "56",
        "name": "stop",
        "notes": [],
        "parameters": [
          " * None"
        ],
        "returns": [
          " * The ZeroOffset object"
        ],
        "signature": "ZeroOffset:stop()",
        "stripped_doc": "",
        "type": "Method"
      }
    ],
    "name": "ZeroOffset",
    "stripped_doc": "\nDownload: [https://github.com/gavinest/ZeroOffset/blob/main/Spoons/ZeroOffset.spoon.zip](https://github.com/gavinest/ZeroOffset/blob/main/Spoons/ZeroOffset.spoon.zip)",
    "submodules": [],
    "type": "Module"
  }
]