[
  {
    "doc" : "Draws a circle around the mouse pointer when a hotkey is pressed",
    "items" : [
      {
        "doc" : "An `hs.drawing.color` table defining the colour of the circle. Defaults to red.",
        "type" : "Variable",
        "name" : "color",
        "def" : "MouseCircle.color"
      },
      {
        "doc" : "Binds hotkeys for MouseCircle\n\nParameters:\n * mapping - A table containing hotkey modifier\/key details for the following items:\n  * show - This will cause the mouse circle to be drawn",
        "type" : "Method",
        "name" : "bindHotkeys",
        "def" : "MouseCircle:bindHotkeys(mapping)"
      },
      {
        "doc" : "Draws a circle around the mouse\n\nParameters:\n * None\n\nReturns:\n * None",
        "type" : "Method",
        "name" : "show",
        "def" : "MouseCircle:show()"
      }
    ],
    "name" : "MouseCircle",
    "desc" : "Draws a circle around the mouse pointer when a hotkey is pressed"
  }
]
