[
  {
    "Constant" : [

    ],
    "submodules" : [

    ],
    "Function" : [

    ],
    "Variable" : [
      {
        "doc" : "Boolean to specify whether the indicators should be shown on all monitors or just the current one. Defaults to `true`",
        "stripped_doc" : [
          "Boolean to specify whether the indicators should be shown on all monitors or just the current one. Defaults to `true`"
        ],
        "def" : "MenubarFlag.allScreens",
        "parameters" : [

        ],
        "notes" : [

        ],
        "signature" : "MenubarFlag.allScreens",
        "type" : "Variable",
        "returns" : [

        ],
        "name" : "allScreens",
        "desc" : "Boolean to specify whether the indicators should be shown on all monitors or just the current one. Defaults to `true`"
      },
      {
        "doc" : "Number to specify the height of the indicator. Specify 0.0-1.0 to specify a percentage of the height of the menu bar, larger values indicate a fixed height in pixels. Defaults to 1.0",
        "stripped_doc" : [
          "Number to specify the height of the indicator. Specify 0.0-1.0 to specify a percentage of the height of the menu bar, larger values indicate a fixed height in pixels. Defaults to 1.0"
        ],
        "def" : "MenubarFlag.indicatorHeight",
        "parameters" : [

        ],
        "notes" : [

        ],
        "signature" : "MenubarFlag.indicatorHeight",
        "type" : "Variable",
        "returns" : [

        ],
        "name" : "indicatorHeight",
        "desc" : "Number to specify the height of the indicator. Specify 0.0-1.0 to specify a percentage of the height of the menu bar, larger values indicate a fixed height in pixels. Defaults to 1.0"
      },
      {
        "doc" : "Number to specify the indicator transparency (0.0 - invisible; 1.0 - fully opaque). Defaults to 0.3",
        "stripped_doc" : [
          "Number to specify the indicator transparency (0.0 - invisible; 1.0 - fully opaque). Defaults to 0.3"
        ],
        "def" : "MenubarFlag.indicatorAlpha",
        "parameters" : [

        ],
        "notes" : [

        ],
        "signature" : "MenubarFlag.indicatorAlpha",
        "type" : "Variable",
        "returns" : [

        ],
        "name" : "indicatorAlpha",
        "desc" : "Number to specify the indicator transparency (0.0 - invisible; 1.0 - fully opaque). Defaults to 0.3"
      },
      {
        "doc" : "Boolean to specify whether the indicator should be shown in all spaces (this includes full-screen mode). Defaults to `true`",
        "stripped_doc" : [
          "Boolean to specify whether the indicator should be shown in all spaces (this includes full-screen mode). Defaults to `true`"
        ],
        "def" : "MenubarFlag.indicatorInAllSpaces",
        "parameters" : [

        ],
        "notes" : [

        ],
        "signature" : "MenubarFlag.indicatorInAllSpaces",
        "type" : "Variable",
        "returns" : [

        ],
        "name" : "indicatorInAllSpaces",
        "desc" : "Boolean to specify whether the indicator should be shown in all spaces (this includes full-screen mode). Defaults to `true`"
      },
      {
        "doc" : "Table that contains the configuration of indicator colors\n\nThe table below indicates the colors to use for a given keyboard\nlayout. The index is the name of the layout as it appears in the\ninput source menu. The value of each indicator is a table made of\nan arbitrary number of segments, which will be distributed evenly\nacross the width of the screen. Each segment must be a valid\n`hs.drawing.color` specification (most commonly, you should just\nuse the named colors from within the tables). If a layout is not\nfound, then the indicators are removed when that layout is active.\n\nIndicator specs can be static flag-like:\n```\n  Spanish = {col.green, col.white, col.red},\n  German = {col.black, col.red, col.yellow},\n```\nor complex, programmatically-generated:\n```\n[\"U.S.\"] = (\n   function() res={} \n      for i = 0,10,1 do\n         table.insert(res, col.blue)\n         table.insert(res, col.white)\n         table.insert(res, col.red)\n      end\n      return res\n   end)()\n```\nor solid colors:\n```\n  Spanish = {col.red},\n  German = {col.yellow},\n```\nContributions of indicator specs are welcome!",
        "stripped_doc" : [
          "Table that contains the configuration of indicator colors",
          "",
          "The table below indicates the colors to use for a given keyboard",
          "layout. The index is the name of the layout as it appears in the",
          "input source menu. The value of each indicator is a table made of",
          "an arbitrary number of segments, which will be distributed evenly",
          "across the width of the screen. Each segment must be a valid",
          "`hs.drawing.color` specification (most commonly, you should just",
          "use the named colors from within the tables). If a layout is not",
          "found, then the indicators are removed when that layout is active.",
          "",
          "Indicator specs can be static flag-like:",
          "```",
          "  Spanish = {col.green, col.white, col.red},",
          "  German = {col.black, col.red, col.yellow},",
          "```",
          "or complex, programmatically-generated:",
          "```",
          "[\"U.S.\"] = (",
          "   function() res={} ",
          "      for i = 0,10,1 do",
          "         table.insert(res, col.blue)",
          "         table.insert(res, col.white)",
          "         table.insert(res, col.red)",
          "      end",
          "      return res",
          "   end)()",
          "```",
          "or solid colors:",
          "```",
          "  Spanish = {col.red},",
          "  German = {col.yellow},",
          "```",
          "Contributions of indicator specs are welcome!"
        ],
        "def" : "MenubarFlag.colors",
        "parameters" : [

        ],
        "notes" : [

        ],
        "signature" : "MenubarFlag.colors",
        "type" : "Variable",
        "returns" : [

        ],
        "name" : "colors",
        "desc" : "Table that contains the configuration of indicator colors"
      }
    ],
    "stripped_doc" : [

    ],
    "Deprecated" : [

    ],
    "type" : "Module",
    "desc" : "Color the menubar according to the current keyboard layout",
    "Constructor" : [

    ],
    "Field" : [

    ],
    "Method" : [
      {
        "doc" : "Draw the indicators corresponding to the given layout name\n\nParameters:\n * src - name of the layout to draw. If the given element exists in `MenubarFlag.colors`, it will be drawn. If it does not exist, then the indicators will be removed from the screen.\n\nReturns:\n * The MenubarFlag object",
        "stripped_doc" : [
          "Draw the indicators corresponding to the given layout name",
          ""
        ],
        "def" : "MenubarFlag:drawIndicators(src)",
        "parameters" : [
          " * src - name of the layout to draw. If the given element exists in `MenubarFlag.colors`, it will be drawn. If it does not exist, then the indicators will be removed from the screen.",
          ""
        ],
        "notes" : [

        ],
        "signature" : "MenubarFlag:drawIndicators(src)",
        "type" : "Method",
        "returns" : [
          " * The MenubarFlag object"
        ],
        "name" : "drawIndicators",
        "desc" : "Draw the indicators corresponding to the given layout name"
      },
      {
        "doc" : "Draw indicators for the current keyboard method or layout\n\nParameters:\n * None\n\nReturns:\n * The MenubarFlag object",
        "stripped_doc" : [
          "Draw indicators for the current keyboard method or layout",
          ""
        ],
        "def" : "MenubarFlag:getLayoutAndDrawindicators",
        "parameters" : [
          " * None",
          ""
        ],
        "notes" : [

        ],
        "signature" : "MenubarFlag:getLayoutAndDrawindicators",
        "type" : "Method",
        "returns" : [
          " * The MenubarFlag object"
        ],
        "name" : "getLayoutAndDrawindicators",
        "desc" : "Draw indicators for the current keyboard method or layout"
      },
      {
        "doc" : "Start the keyboard layout watcher to draw the menubar indicators.",
        "stripped_doc" : [
          "Start the keyboard layout watcher to draw the menubar indicators."
        ],
        "def" : "MenubarFlag:start()",
        "parameters" : [

        ],
        "notes" : [

        ],
        "signature" : "MenubarFlag:start()",
        "type" : "Method",
        "returns" : [

        ],
        "name" : "start",
        "desc" : "Start the keyboard layout watcher to draw the menubar indicators."
      },
      {
        "doc" : "Remove indicators and stop the keyboard layout watcher",
        "stripped_doc" : [
          "Remove indicators and stop the keyboard layout watcher"
        ],
        "def" : "MenubarFlag:stop()",
        "parameters" : [

        ],
        "notes" : [

        ],
        "signature" : "MenubarFlag:stop()",
        "type" : "Method",
        "returns" : [

        ],
        "name" : "stop",
        "desc" : "Remove indicators and stop the keyboard layout watcher"
      }
    ],
    "doc" : "Color the menubar according to the current keyboard layout\n\nDownload: [https:\/\/github.com\/Hammerspoon\/Spoons\/raw\/master\/Spoons\/MenubarFlag.spoon.zip](https:\/\/github.com\/Hammerspoon\/Spoons\/raw\/master\/Spoons\/MenubarFlag.spoon.zip)\n\nFunctionality inspired by [ShowyEdge](https:\/\/pqrs.org\/osx\/ShowyEdge\/index.html.en)",
    "items" : [
      {
        "doc" : "Boolean to specify whether the indicators should be shown on all monitors or just the current one. Defaults to `true`",
        "stripped_doc" : [
          "Boolean to specify whether the indicators should be shown on all monitors or just the current one. Defaults to `true`"
        ],
        "def" : "MenubarFlag.allScreens",
        "parameters" : [

        ],
        "notes" : [

        ],
        "signature" : "MenubarFlag.allScreens",
        "type" : "Variable",
        "returns" : [

        ],
        "name" : "allScreens",
        "desc" : "Boolean to specify whether the indicators should be shown on all monitors or just the current one. Defaults to `true`"
      },
      {
        "doc" : "Table that contains the configuration of indicator colors\n\nThe table below indicates the colors to use for a given keyboard\nlayout. The index is the name of the layout as it appears in the\ninput source menu. The value of each indicator is a table made of\nan arbitrary number of segments, which will be distributed evenly\nacross the width of the screen. Each segment must be a valid\n`hs.drawing.color` specification (most commonly, you should just\nuse the named colors from within the tables). If a layout is not\nfound, then the indicators are removed when that layout is active.\n\nIndicator specs can be static flag-like:\n```\n  Spanish = {col.green, col.white, col.red},\n  German = {col.black, col.red, col.yellow},\n```\nor complex, programmatically-generated:\n```\n[\"U.S.\"] = (\n   function() res={} \n      for i = 0,10,1 do\n         table.insert(res, col.blue)\n         table.insert(res, col.white)\n         table.insert(res, col.red)\n      end\n      return res\n   end)()\n```\nor solid colors:\n```\n  Spanish = {col.red},\n  German = {col.yellow},\n```\nContributions of indicator specs are welcome!",
        "stripped_doc" : [
          "Table that contains the configuration of indicator colors",
          "",
          "The table below indicates the colors to use for a given keyboard",
          "layout. The index is the name of the layout as it appears in the",
          "input source menu. The value of each indicator is a table made of",
          "an arbitrary number of segments, which will be distributed evenly",
          "across the width of the screen. Each segment must be a valid",
          "`hs.drawing.color` specification (most commonly, you should just",
          "use the named colors from within the tables). If a layout is not",
          "found, then the indicators are removed when that layout is active.",
          "",
          "Indicator specs can be static flag-like:",
          "```",
          "  Spanish = {col.green, col.white, col.red},",
          "  German = {col.black, col.red, col.yellow},",
          "```",
          "or complex, programmatically-generated:",
          "```",
          "[\"U.S.\"] = (",
          "   function() res={} ",
          "      for i = 0,10,1 do",
          "         table.insert(res, col.blue)",
          "         table.insert(res, col.white)",
          "         table.insert(res, col.red)",
          "      end",
          "      return res",
          "   end)()",
          "```",
          "or solid colors:",
          "```",
          "  Spanish = {col.red},",
          "  German = {col.yellow},",
          "```",
          "Contributions of indicator specs are welcome!"
        ],
        "def" : "MenubarFlag.colors",
        "parameters" : [

        ],
        "notes" : [

        ],
        "signature" : "MenubarFlag.colors",
        "type" : "Variable",
        "returns" : [

        ],
        "name" : "colors",
        "desc" : "Table that contains the configuration of indicator colors"
      },
      {
        "doc" : "Number to specify the indicator transparency (0.0 - invisible; 1.0 - fully opaque). Defaults to 0.3",
        "stripped_doc" : [
          "Number to specify the indicator transparency (0.0 - invisible; 1.0 - fully opaque). Defaults to 0.3"
        ],
        "def" : "MenubarFlag.indicatorAlpha",
        "parameters" : [

        ],
        "notes" : [

        ],
        "signature" : "MenubarFlag.indicatorAlpha",
        "type" : "Variable",
        "returns" : [

        ],
        "name" : "indicatorAlpha",
        "desc" : "Number to specify the indicator transparency (0.0 - invisible; 1.0 - fully opaque). Defaults to 0.3"
      },
      {
        "doc" : "Number to specify the height of the indicator. Specify 0.0-1.0 to specify a percentage of the height of the menu bar, larger values indicate a fixed height in pixels. Defaults to 1.0",
        "stripped_doc" : [
          "Number to specify the height of the indicator. Specify 0.0-1.0 to specify a percentage of the height of the menu bar, larger values indicate a fixed height in pixels. Defaults to 1.0"
        ],
        "def" : "MenubarFlag.indicatorHeight",
        "parameters" : [

        ],
        "notes" : [

        ],
        "signature" : "MenubarFlag.indicatorHeight",
        "type" : "Variable",
        "returns" : [

        ],
        "name" : "indicatorHeight",
        "desc" : "Number to specify the height of the indicator. Specify 0.0-1.0 to specify a percentage of the height of the menu bar, larger values indicate a fixed height in pixels. Defaults to 1.0"
      },
      {
        "doc" : "Boolean to specify whether the indicator should be shown in all spaces (this includes full-screen mode). Defaults to `true`",
        "stripped_doc" : [
          "Boolean to specify whether the indicator should be shown in all spaces (this includes full-screen mode). Defaults to `true`"
        ],
        "def" : "MenubarFlag.indicatorInAllSpaces",
        "parameters" : [

        ],
        "notes" : [

        ],
        "signature" : "MenubarFlag.indicatorInAllSpaces",
        "type" : "Variable",
        "returns" : [

        ],
        "name" : "indicatorInAllSpaces",
        "desc" : "Boolean to specify whether the indicator should be shown in all spaces (this includes full-screen mode). Defaults to `true`"
      },
      {
        "doc" : "Draw the indicators corresponding to the given layout name\n\nParameters:\n * src - name of the layout to draw. If the given element exists in `MenubarFlag.colors`, it will be drawn. If it does not exist, then the indicators will be removed from the screen.\n\nReturns:\n * The MenubarFlag object",
        "stripped_doc" : [
          "Draw the indicators corresponding to the given layout name",
          ""
        ],
        "def" : "MenubarFlag:drawIndicators(src)",
        "parameters" : [
          " * src - name of the layout to draw. If the given element exists in `MenubarFlag.colors`, it will be drawn. If it does not exist, then the indicators will be removed from the screen.",
          ""
        ],
        "notes" : [

        ],
        "signature" : "MenubarFlag:drawIndicators(src)",
        "type" : "Method",
        "returns" : [
          " * The MenubarFlag object"
        ],
        "name" : "drawIndicators",
        "desc" : "Draw the indicators corresponding to the given layout name"
      },
      {
        "doc" : "Draw indicators for the current keyboard method or layout\n\nParameters:\n * None\n\nReturns:\n * The MenubarFlag object",
        "stripped_doc" : [
          "Draw indicators for the current keyboard method or layout",
          ""
        ],
        "def" : "MenubarFlag:getLayoutAndDrawindicators",
        "parameters" : [
          " * None",
          ""
        ],
        "notes" : [

        ],
        "signature" : "MenubarFlag:getLayoutAndDrawindicators",
        "type" : "Method",
        "returns" : [
          " * The MenubarFlag object"
        ],
        "name" : "getLayoutAndDrawindicators",
        "desc" : "Draw indicators for the current keyboard method or layout"
      },
      {
        "doc" : "Start the keyboard layout watcher to draw the menubar indicators.",
        "stripped_doc" : [
          "Start the keyboard layout watcher to draw the menubar indicators."
        ],
        "def" : "MenubarFlag:start()",
        "parameters" : [

        ],
        "notes" : [

        ],
        "signature" : "MenubarFlag:start()",
        "type" : "Method",
        "returns" : [

        ],
        "name" : "start",
        "desc" : "Start the keyboard layout watcher to draw the menubar indicators."
      },
      {
        "doc" : "Remove indicators and stop the keyboard layout watcher",
        "stripped_doc" : [
          "Remove indicators and stop the keyboard layout watcher"
        ],
        "def" : "MenubarFlag:stop()",
        "parameters" : [

        ],
        "notes" : [

        ],
        "signature" : "MenubarFlag:stop()",
        "type" : "Method",
        "returns" : [

        ],
        "name" : "stop",
        "desc" : "Remove indicators and stop the keyboard layout watcher"
      }
    ],
    "Command" : [

    ],
    "name" : "MenubarFlag"
  }
]
