[
  {
    "Constant" : [

    ],
    "submodules" : [

    ],
    "Function" : [

    ],
    "Variable" : [

    ],
    "stripped_doc" : [

    ],
    "Deprecated" : [

    ],
    "desc" : "Display Keybindings registered with bindHotkeys() and Spoons",
    "type" : "Module",
    "Constructor" : [

    ],
    "doc" : "Display Keybindings registered with bindHotkeys() and Spoons \n\nSpoons need to set the mapping in obj\n\nOriginally based on KSheet.spoon by ashfinal <ashfinal@gmail.com>\n\nDownload: [https:\/\/github.com\/Hammerspoon\/Spoons\/raw\/master\/Spoons\/HSKeybindings.spoon.zip](https:\/\/github.com\/Hammerspoon\/Spoons\/raw\/master\/Spoons\/HSKeybindings.spoon.zip)",
    "Method" : [
      {
        "doc" : "Show current application's keybindings in a webview",
        "stripped_doc" : [
          "Show current application's keybindings in a webview"
        ],
        "desc" : "Show current application's keybindings in a webview",
        "def" : "HSKeybindings:show()",
        "notes" : [

        ],
        "signature" : "HSKeybindings:show()",
        "type" : "Method",
        "returns" : [

        ],
        "name" : "show",
        "parameters" : [

        ]
      },
      {
        "doc" : "Hide the cheatsheet webview",
        "stripped_doc" : [
          "Hide the cheatsheet webview"
        ],
        "desc" : "Hide the cheatsheet webview",
        "def" : "HSKeybindings:hide()",
        "notes" : [

        ],
        "signature" : "HSKeybindings:hide()",
        "type" : "Method",
        "returns" : [

        ],
        "name" : "hide",
        "parameters" : [

        ]
      }
    ],
    "Command" : [

    ],
    "items" : [
      {
        "doc" : "Hide the cheatsheet webview",
        "stripped_doc" : [
          "Hide the cheatsheet webview"
        ],
        "desc" : "Hide the cheatsheet webview",
        "def" : "HSKeybindings:hide()",
        "notes" : [

        ],
        "signature" : "HSKeybindings:hide()",
        "type" : "Method",
        "returns" : [

        ],
        "name" : "hide",
        "parameters" : [

        ]
      },
      {
        "doc" : "Show current application's keybindings in a webview",
        "stripped_doc" : [
          "Show current application's keybindings in a webview"
        ],
        "desc" : "Show current application's keybindings in a webview",
        "def" : "HSKeybindings:show()",
        "notes" : [

        ],
        "signature" : "HSKeybindings:show()",
        "type" : "Method",
        "returns" : [

        ],
        "name" : "show",
        "parameters" : [

        ]
      }
    ],
    "Field" : [

    ],
    "name" : "HSKeybindings"
  }
]