[
  {
    "Command": [],
    "Constant": [],
    "Constructor": [],
    "Deprecated": [],
    "Field": [],
    "Function": [],
    "Method": [
      {
        "def": "DeepLTranslate:bindHotkeys(mapping)",
        "desc": "Binds hotkeys for DeepLTranslate",
        "doc": "Binds hotkeys for DeepLTranslate\n\nParameters:\n * mapping - A table containing hotkey modifier/key details for the following items:\n  * `translate` - translate the selected text without specifying source/destination languages (source defaults to auto-detect, destination defaults to your last choice or to English)\n\nExamples:\n * Sample value for `mapping`:\n```\n {\n    translate = { { \"ctrl\", \"alt\", \"cmd\" }, \"E\" },\n }\n```",
        "examples": [
          " * Sample value for `mapping`:",
          "```",
          " {",
          "    translate = { { \"ctrl\", \"alt\", \"cmd\" }, \"E\" },",
          " }",
          "```"
        ],
        "file": "Source/DeepLTranslate.spoon//init.lua",
        "lineno": "217",
        "name": "bindHotkeys",
        "notes": [],
        "parameters": [
          " * mapping - A table containing hotkey modifier/key details for the following items:\n   * `translate` - translate the selected text without specifying source/destination languages (source defaults to auto-detect, destination defaults to your last choice or to English)"
        ],
        "returns": [],
        "signature": "DeepLTranslate:bindHotkeys(mapping)",
        "stripped_doc": "",
        "type": "Method"
      },
      {
        "def": "DeepLTranslate:translatePopup(text)",
        "desc": "Display a translation popup with the translation of the given text",
        "doc": "Display a translation popup with the translation of the given text\n\nParameters:\n * text - string containing the text to translate\n\nReturns:\n * The DeepLTranslate object",
        "examples": [],
        "file": "Source/DeepLTranslate.spoon//init.lua",
        "lineno": "119",
        "name": "translatePopup",
        "notes": [],
        "parameters": [
          " * text - string containing the text to translate"
        ],
        "returns": [
          " * The DeepLTranslate object"
        ],
        "signature": "DeepLTranslate:translatePopup(text)",
        "stripped_doc": "",
        "type": "Method"
      },
      {
        "def": "DeepLTranslate:translateSelectionPopup()",
        "desc": "Get the current selected text in the frontmost window and display a translation popup with the translation between the specified languages",
        "doc": "Get the current selected text in the frontmost window and display a translation popup with the translation between the specified languages\n\nParameters:\n * None\n\nReturns:\n * The DeepLTranslate object",
        "examples": [],
        "file": "Source/DeepLTranslate.spoon//init.lua",
        "lineno": "196",
        "name": "translateSelectionPopup",
        "notes": [],
        "parameters": [
          " * None"
        ],
        "returns": [
          " * The DeepLTranslate object"
        ],
        "signature": "DeepLTranslate:translateSelectionPopup()",
        "stripped_doc": "",
        "type": "Method"
      }
    ],
    "Variable": [
      {
        "def": "DeepLTranslate.logger",
        "desc": "Logger object used within the Spoon. Can be accessed to set the default log level for the messages coming from the Spoon.",
        "doc": "Logger object used within the Spoon. Can be accessed to set the default log level for the messages coming from the Spoon.",
        "file": "Source/DeepLTranslate.spoon//init.lua",
        "lineno": "47",
        "name": "logger",
        "signature": "DeepLTranslate.logger",
        "stripped_doc": "",
        "type": "Variable"
      },
      {
        "def": "DeepLTranslate.popup_close_after_copy",
        "desc": "If true, the popup window will close after translated text is copied to pasteboard. Defaults to `true`",
        "doc": "If true, the popup window will close after translated text is copied to pasteboard. Defaults to `true`",
        "file": "Source/DeepLTranslate.spoon//init.lua",
        "lineno": "41",
        "name": "popup_close_after_copy",
        "signature": "DeepLTranslate.popup_close_after_copy",
        "stripped_doc": "",
        "type": "Variable"
      },
      {
        "def": "DeepLTranslate.popup_close_on_escape",
        "desc": "If true, pressing ESC on the popup window will close it. Defaults to `true`",
        "doc": "If true, pressing ESC on the popup window will close it. Defaults to `true`",
        "file": "Source/DeepLTranslate.spoon//init.lua",
        "lineno": "36",
        "name": "popup_close_on_escape",
        "signature": "DeepLTranslate.popup_close_on_escape",
        "stripped_doc": "",
        "type": "Variable"
      },
      {
        "def": "DeepLTranslate.popup_size",
        "desc": "`hs.geometry` object representing the size to use for the translation popup window. Defaults to `hs.geometry.size(770, 610)`.",
        "doc": "`hs.geometry` object representing the size to use for the translation popup window. Defaults to `hs.geometry.size(770, 610)`.",
        "file": "Source/DeepLTranslate.spoon//init.lua",
        "lineno": "26",
        "name": "popup_size",
        "signature": "DeepLTranslate.popup_size",
        "stripped_doc": "",
        "type": "Variable"
      },
      {
        "def": "DeepLTranslate.popup_style",
        "desc": "Value representing the window style to be used for the translation popup window. This value needs to be a valid argument to [`hs.webview.setStyle()`](http://www.hammerspoon.org/docs/hs.webview.html#windowStyle) (i.e. a combination of values from [`hs.webview.windowMasks`](http://www.hammerspoon.org/docs/hs.webview.html#windowMasks[]). Default value: `hs.webview.windowMasks.utility|hs.webview.windowMasks.HUD|hs.webview.windowMasks.titled|hs.webview.windowMasks.closable`",
        "doc": "Value representing the window style to be used for the translation popup window. This value needs to be a valid argument to [`hs.webview.setStyle()`](http://www.hammerspoon.org/docs/hs.webview.html#windowStyle) (i.e. a combination of values from [`hs.webview.windowMasks`](http://www.hammerspoon.org/docs/hs.webview.html#windowMasks[]). Default value: `hs.webview.windowMasks.utility|hs.webview.windowMasks.HUD|hs.webview.windowMasks.titled|hs.webview.windowMasks.closable`",
        "file": "Source/DeepLTranslate.spoon//init.lua",
        "lineno": "31",
        "name": "popup_style",
        "signature": "DeepLTranslate.popup_style",
        "stripped_doc": "",
        "type": "Variable"
      }
    ],
    "desc": "Show a popup window with the translation of the currently selected text",
    "doc": "Show a popup window with the translation of the currently selected text\n\nThe spoon uses the https://www.deepl.com translator page\nThe selected text is copied into the source field.  \nThe modal hotkey cmd+alt+ctrl+O replaces the selected text with the translation\n\nSupported language codes are listed at https://www.deepl.com/translator\n\nThis is just an adaption of the Spoon PopupTranslateSelection written by Diego Zamboni\nDownload: [https://github.com/Hammerspoon/Spoons/raw/master/Spoons/DeepLTranslate.spoon.zip](https://github.com/Hammerspoon/Spoons/raw/master/Spoons/DeepLTranslate.spoon.zip)",
    "items": [
      {
        "def": "DeepLTranslate:bindHotkeys(mapping)",
        "desc": "Binds hotkeys for DeepLTranslate",
        "doc": "Binds hotkeys for DeepLTranslate\n\nParameters:\n * mapping - A table containing hotkey modifier/key details for the following items:\n  * `translate` - translate the selected text without specifying source/destination languages (source defaults to auto-detect, destination defaults to your last choice or to English)\n\nExamples:\n * Sample value for `mapping`:\n```\n {\n    translate = { { \"ctrl\", \"alt\", \"cmd\" }, \"E\" },\n }\n```",
        "examples": [
          " * Sample value for `mapping`:",
          "```",
          " {",
          "    translate = { { \"ctrl\", \"alt\", \"cmd\" }, \"E\" },",
          " }",
          "```"
        ],
        "file": "Source/DeepLTranslate.spoon//init.lua",
        "lineno": "217",
        "name": "bindHotkeys",
        "notes": [],
        "parameters": [
          " * mapping - A table containing hotkey modifier/key details for the following items:\n   * `translate` - translate the selected text without specifying source/destination languages (source defaults to auto-detect, destination defaults to your last choice or to English)"
        ],
        "returns": [],
        "signature": "DeepLTranslate:bindHotkeys(mapping)",
        "stripped_doc": "",
        "type": "Method"
      },
      {
        "def": "DeepLTranslate.logger",
        "desc": "Logger object used within the Spoon. Can be accessed to set the default log level for the messages coming from the Spoon.",
        "doc": "Logger object used within the Spoon. Can be accessed to set the default log level for the messages coming from the Spoon.",
        "file": "Source/DeepLTranslate.spoon//init.lua",
        "lineno": "47",
        "name": "logger",
        "signature": "DeepLTranslate.logger",
        "stripped_doc": "",
        "type": "Variable"
      },
      {
        "def": "DeepLTranslate.popup_close_after_copy",
        "desc": "If true, the popup window will close after translated text is copied to pasteboard. Defaults to `true`",
        "doc": "If true, the popup window will close after translated text is copied to pasteboard. Defaults to `true`",
        "file": "Source/DeepLTranslate.spoon//init.lua",
        "lineno": "41",
        "name": "popup_close_after_copy",
        "signature": "DeepLTranslate.popup_close_after_copy",
        "stripped_doc": "",
        "type": "Variable"
      },
      {
        "def": "DeepLTranslate.popup_close_on_escape",
        "desc": "If true, pressing ESC on the popup window will close it. Defaults to `true`",
        "doc": "If true, pressing ESC on the popup window will close it. Defaults to `true`",
        "file": "Source/DeepLTranslate.spoon//init.lua",
        "lineno": "36",
        "name": "popup_close_on_escape",
        "signature": "DeepLTranslate.popup_close_on_escape",
        "stripped_doc": "",
        "type": "Variable"
      },
      {
        "def": "DeepLTranslate.popup_size",
        "desc": "`hs.geometry` object representing the size to use for the translation popup window. Defaults to `hs.geometry.size(770, 610)`.",
        "doc": "`hs.geometry` object representing the size to use for the translation popup window. Defaults to `hs.geometry.size(770, 610)`.",
        "file": "Source/DeepLTranslate.spoon//init.lua",
        "lineno": "26",
        "name": "popup_size",
        "signature": "DeepLTranslate.popup_size",
        "stripped_doc": "",
        "type": "Variable"
      },
      {
        "def": "DeepLTranslate.popup_style",
        "desc": "Value representing the window style to be used for the translation popup window. This value needs to be a valid argument to [`hs.webview.setStyle()`](http://www.hammerspoon.org/docs/hs.webview.html#windowStyle) (i.e. a combination of values from [`hs.webview.windowMasks`](http://www.hammerspoon.org/docs/hs.webview.html#windowMasks[]). Default value: `hs.webview.windowMasks.utility|hs.webview.windowMasks.HUD|hs.webview.windowMasks.titled|hs.webview.windowMasks.closable`",
        "doc": "Value representing the window style to be used for the translation popup window. This value needs to be a valid argument to [`hs.webview.setStyle()`](http://www.hammerspoon.org/docs/hs.webview.html#windowStyle) (i.e. a combination of values from [`hs.webview.windowMasks`](http://www.hammerspoon.org/docs/hs.webview.html#windowMasks[]). Default value: `hs.webview.windowMasks.utility|hs.webview.windowMasks.HUD|hs.webview.windowMasks.titled|hs.webview.windowMasks.closable`",
        "file": "Source/DeepLTranslate.spoon//init.lua",
        "lineno": "31",
        "name": "popup_style",
        "signature": "DeepLTranslate.popup_style",
        "stripped_doc": "",
        "type": "Variable"
      },
      {
        "def": "DeepLTranslate:translatePopup(text)",
        "desc": "Display a translation popup with the translation of the given text",
        "doc": "Display a translation popup with the translation of the given text\n\nParameters:\n * text - string containing the text to translate\n\nReturns:\n * The DeepLTranslate object",
        "examples": [],
        "file": "Source/DeepLTranslate.spoon//init.lua",
        "lineno": "119",
        "name": "translatePopup",
        "notes": [],
        "parameters": [
          " * text - string containing the text to translate"
        ],
        "returns": [
          " * The DeepLTranslate object"
        ],
        "signature": "DeepLTranslate:translatePopup(text)",
        "stripped_doc": "",
        "type": "Method"
      },
      {
        "def": "DeepLTranslate:translateSelectionPopup()",
        "desc": "Get the current selected text in the frontmost window and display a translation popup with the translation between the specified languages",
        "doc": "Get the current selected text in the frontmost window and display a translation popup with the translation between the specified languages\n\nParameters:\n * None\n\nReturns:\n * The DeepLTranslate object",
        "examples": [],
        "file": "Source/DeepLTranslate.spoon//init.lua",
        "lineno": "196",
        "name": "translateSelectionPopup",
        "notes": [],
        "parameters": [
          " * None"
        ],
        "returns": [
          " * The DeepLTranslate object"
        ],
        "signature": "DeepLTranslate:translateSelectionPopup()",
        "stripped_doc": "",
        "type": "Method"
      }
    ],
    "name": "DeepLTranslate",
    "stripped_doc": "\nThe spoon uses the https://www.deepl.com translator page\nThe selected text is copied into the source field.  \nThe modal hotkey cmd+alt+ctrl+O replaces the selected text with the translation\n\nSupported language codes are listed at https://www.deepl.com/translator\n\nThis is just an adaption of the Spoon PopupTranslateSelection written by Diego Zamboni\nDownload: [https://github.com/Hammerspoon/Spoons/raw/master/Spoons/DeepLTranslate.spoon.zip](https://github.com/Hammerspoon/Spoons/raw/master/Spoons/DeepLTranslate.spoon.zip)",
    "submodules": [],
    "type": "Module"
  }
]