[
  {
    "Command": [],
    "Constant": [],
    "Constructor": [],
    "Deprecated": [],
    "Field": [],
    "Function": [],
    "Method": [
      {
        "def": "AClock:toggleShow()",
        "desc": "Show AClock, if already showing, just hide it.",
        "doc": "Show AClock, if already showing, just hide it.\n",
        "name": "toggleShow",
        "signature": "AClock:toggleShow()",
        "stripped_doc": "",
        "type": "Method"
      }
    ],
    "Variable": [],
    "desc": "Just another clock, floating above all",
    "doc": "Just another clock, floating above all\n\nDownload: [https://github.com/Hammerspoon/Spoons/raw/master/Spoons/AClock.spoon.zip](https://github.com/Hammerspoon/Spoons/raw/master/Spoons/AClock.spoon.zip)",
    "items": [
      {
        "def": "AClock:toggleShow()",
        "desc": "Show AClock, if already showing, just hide it.",
        "doc": "Show AClock, if already showing, just hide it.\n",
        "name": "toggleShow",
        "signature": "AClock:toggleShow()",
        "stripped_doc": "",
        "type": "Method"
      }
    ],
    "name": "AClock",
    "stripped_doc": "\nDownload: [https://github.com/Hammerspoon/Spoons/raw/master/Spoons/AClock.spoon.zip](https://github.com/Hammerspoon/Spoons/raw/master/Spoons/AClock.spoon.zip)",
    "submodules": [],
    "type": "Module"
  }
]