[
  {
    "Command": [],
    "Constant": [],
    "Constructor": [],
    "Deprecated": [],
    "Field": [],
    "Function": [],
    "Method": [
      {
        "def": "InputMethodIndicator:init()",
        "desc": "init.",
        "doc": "init.\n\nParameters:\n * None\n\nReturns:\n * The InputMethodIndicator object",
        "examples": [],
        "file": "Source/InputMethodIndicator.spoon//init.lua",
        "lineno": "67",
        "name": "init",
        "notes": [],
        "parameters": [
          " * None"
        ],
        "returns": [
          " * The InputMethodIndicator object"
        ],
        "signature": "InputMethodIndicator:init()",
        "stripped_doc": "",
        "type": "Method"
      },
      {
        "def": "InputMethodIndicator:start(config)",
        "desc": "Start InputMethodIndicator.",
        "doc": "Start InputMethodIndicator.\n\nParameters:\n * config - A table contains config options for the module\n   * ABCColor - the dot color when the input method is ABC\n   * LocalLanguageColor - the dot color when the input method is not ABC\n   * mode - the mode of the indicator\n   * showOnChangeDuration - seconds to show the indicator when the input method is changed\n   * checkInterval - seconds to check the input method\n   * dotSize - the size of the dot\n   * deltaY - the distance between the dot and the center of the selection or mouse",
        "examples": [],
        "file": "Source/InputMethodIndicator.spoon//init.lua",
        "lineno": "200",
        "name": "start",
        "notes": [],
        "parameters": [
          " * config - A table contains config options for the module\n   * ABCColor - the dot color when the input method is ABC\n   * LocalLanguageColor - the dot color when the input method is not ABC\n   * mode - the mode of the indicator\n   * showOnChangeDuration - seconds to show the indicator when the input method is changed\n   * checkInterval - seconds to check the input method\n   * dotSize - the size of the dot\n   * deltaY - the distance between the dot and the center of the selection or mouse"
        ],
        "returns": [],
        "signature": "InputMethodIndicator:start(config)",
        "stripped_doc": "",
        "type": "Method"
      },
      {
        "def": "InputMethodIndicator:stop()",
        "desc": "Stop InputMethodIndicator.",
        "doc": "Stop InputMethodIndicator.\n\nParameters:\n * None",
        "examples": [],
        "file": "Source/InputMethodIndicator.spoon//init.lua",
        "lineno": "245",
        "name": "stop",
        "notes": [],
        "parameters": [
          " * None"
        ],
        "returns": [],
        "signature": "InputMethodIndicator:stop()",
        "stripped_doc": "",
        "type": "Method"
      }
    ],
    "Variable": [],
    "desc": "Show input method indicator in the current mouse position.",
    "doc": "Show input method indicator in the current mouse position.\nIt is a small but noticable dot near the cursor.\nIt can be very useful when you are using a non-ABC input method and often needs to switch between ABC and the non-ABC input method.\nYou can use it as follows in the init.lua:\nhs.loadSpoon(\"InputMethodIndicator\")\nspoon.InputMethodIndicator:start(nil)\nnote: config parameter is a table, pass nil to use the default config\nthe default config is as follows:\n{\n    ABCColor = \"#62C555\",  -- the dot color when the input method is ABC\n    LocalLanguageColor = \"#ED6A5E\", -- the dot color when the input method is not ABC\n    mode = \"nearMouse\", -- the mode of the indicator\n    showOnChangeDuration = 3, -- seconds to show the indicator when the input method is changed\n    checkInterval = .01, -- seconds to check the input method\n    dotSize = 6, -- the size of the dot\n    deltaY=7, -- the distance between the dot and the center of the selection or mouse\n}\nthe mode can be \"nearMouse\",\"onChange\",\"adaptive\", the default mode is \"adaptive\"\n\"nearMouse\" means the indicator will always show near the mouse\n\"onChange\" means the indicator will show when the input method is changed and hide after showOnChangeDuration seconds\n\"adaptive\" means the indicator will show near the textarea when typing, otherwise it will show near the mouse\nNote: the \"adaptive\" mode is not perfect, it may not work in some apps because of the limitation of the accessibility API",
    "items": [
      {
        "def": "InputMethodIndicator:init()",
        "desc": "init.",
        "doc": "init.\n\nParameters:\n * None\n\nReturns:\n * The InputMethodIndicator object",
        "examples": [],
        "file": "Source/InputMethodIndicator.spoon//init.lua",
        "lineno": "67",
        "name": "init",
        "notes": [],
        "parameters": [
          " * None"
        ],
        "returns": [
          " * The InputMethodIndicator object"
        ],
        "signature": "InputMethodIndicator:init()",
        "stripped_doc": "",
        "type": "Method"
      },
      {
        "def": "InputMethodIndicator:start(config)",
        "desc": "Start InputMethodIndicator.",
        "doc": "Start InputMethodIndicator.\n\nParameters:\n * config - A table contains config options for the module\n   * ABCColor - the dot color when the input method is ABC\n   * LocalLanguageColor - the dot color when the input method is not ABC\n   * mode - the mode of the indicator\n   * showOnChangeDuration - seconds to show the indicator when the input method is changed\n   * checkInterval - seconds to check the input method\n   * dotSize - the size of the dot\n   * deltaY - the distance between the dot and the center of the selection or mouse",
        "examples": [],
        "file": "Source/InputMethodIndicator.spoon//init.lua",
        "lineno": "200",
        "name": "start",
        "notes": [],
        "parameters": [
          " * config - A table contains config options for the module\n   * ABCColor - the dot color when the input method is ABC\n   * LocalLanguageColor - the dot color when the input method is not ABC\n   * mode - the mode of the indicator\n   * showOnChangeDuration - seconds to show the indicator when the input method is changed\n   * checkInterval - seconds to check the input method\n   * dotSize - the size of the dot\n   * deltaY - the distance between the dot and the center of the selection or mouse"
        ],
        "returns": [],
        "signature": "InputMethodIndicator:start(config)",
        "stripped_doc": "",
        "type": "Method"
      },
      {
        "def": "InputMethodIndicator:stop()",
        "desc": "Stop InputMethodIndicator.",
        "doc": "Stop InputMethodIndicator.\n\nParameters:\n * None",
        "examples": [],
        "file": "Source/InputMethodIndicator.spoon//init.lua",
        "lineno": "245",
        "name": "stop",
        "notes": [],
        "parameters": [
          " * None"
        ],
        "returns": [],
        "signature": "InputMethodIndicator:stop()",
        "stripped_doc": "",
        "type": "Method"
      }
    ],
    "name": "InputMethodIndicator",
    "stripped_doc": "It is a small but noticable dot near the cursor.\nIt can be very useful when you are using a non-ABC input method and often needs to switch between ABC and the non-ABC input method.\nYou can use it as follows in the init.lua:\nhs.loadSpoon(\"InputMethodIndicator\")\nspoon.InputMethodIndicator:start(nil)\nnote: config parameter is a table, pass nil to use the default config\nthe default config is as follows:\n{\n    ABCColor = \"#62C555\",  -- the dot color when the input method is ABC\n    LocalLanguageColor = \"#ED6A5E\", -- the dot color when the input method is not ABC\n    mode = \"nearMouse\", -- the mode of the indicator\n    showOnChangeDuration = 3, -- seconds to show the indicator when the input method is changed\n    checkInterval = .01, -- seconds to check the input method\n    dotSize = 6, -- the size of the dot\n    deltaY=7, -- the distance between the dot and the center of the selection or mouse\n}\nthe mode can be \"nearMouse\",\"onChange\",\"adaptive\", the default mode is \"adaptive\"\n\"nearMouse\" means the indicator will always show near the mouse\n\"onChange\" means the indicator will show when the input method is changed and hide after showOnChangeDuration seconds\n\"adaptive\" means the indicator will show near the textarea when typing, otherwise it will show near the mouse\nNote: the \"adaptive\" mode is not perfect, it may not work in some apps because of the limitation of the accessibility API",
    "submodules": [],
    "type": "Module"
  }
]