[
  {
    "Command": [],
    "Constant": [],
    "Constructor": [],
    "Deprecated": [],
    "Field": [],
    "Function": [],
    "Method": [],
    "Variable": [],
    "desc": "A calendar inset into the desktop",
    "doc": "A calendar inset into the desktop\n\nDownload: [https://github.com/Hammerspoon/Spoons/raw/master/Spoons/Calendar.spoon.zip](https://github.com/Hammerspoon/Spoons/raw/master/Spoons/Calendar.spoon.zip)",
    "items": [],
    "name": "Calendar",
    "stripped_doc": "\nDownload: [https://github.com/Hammerspoon/Spoons/raw/master/Spoons/Calendar.spoon.zip](https://github.com/Hammerspoon/Spoons/raw/master/Spoons/Calendar.spoon.zip)",
    "submodules": [],
    "type": "Module"
  }
]