[
  {
    "Command": [],
    "Constant": [],
    "Constructor": [],
    "Deprecated": [],
    "Field": [],
    "Function": [],
    "Method": [
      {
        "def": "Leanpub:displayAllBookStatus()",
        "desc": "Check and display (if needed) the status of all the books in `watch_books`",
        "doc": "Check and display (if needed) the status of all the books in `watch_books`\n\nParameters:\n * None",
        "file": "Source/Leanpub.spoon//init.lua",
        "lineno": "313",
        "name": "displayAllBookStatus",
        "parameters": [
          " * None"
        ],
        "signature": "Leanpub:displayAllBookStatus()",
        "stripped_doc": "",
        "type": "Method"
      },
      {
        "def": "Leanpub:displayBookStatus(book)",
        "desc": "Display a notification with the current build status of a book.",
        "doc": "Display a notification with the current build status of a book.\n\nParameters:\n * book - table containing the information of the book to\n   check. The table must contain the following fields:\n   * slug - URL \"slug\" of the book to check. The slug is the part\n     of the book URL after https://leanpub.com/.\n   * icon - optional icon to show in the notifications for the\n     book, as an `hs.image` object. If this field is not specified\n     but `fetch_leanpub_covers` is true (the default value), this\n     method attempts to fetch the book cover from Leanpub. If the\n     cover can be retrieved, it gets stored in the icon field so\n     it doesn't get fetched every time. You can disable cover\n     fetching for individual books by setting this field\n     explicitly to `false`\n\nReturns:\n * A Lua table containing the status (may be empty), nil if an\n   error occurred\n\nNotes:\n* Only produce a notification if the current status is different than the last known one (from the last time `displayBookStatus` was run for the same book).",
        "file": "Source/Leanpub.spoon//init.lua",
        "lineno": "166",
        "name": "displayBookStatus",
        "notes": [
          "* Only produce a notification if the current status is different than the last known one (from the last time `displayBookStatus` was run for the same book)."
        ],
        "parameters": [
          " * book - table containing the information of the book to",
          "   check. The table must contain the following fields:",
          "   * slug - URL \"slug\" of the book to check. The slug is the part",
          "     of the book URL after https://leanpub.com/.",
          "   * icon - optional icon to show in the notifications for the",
          "     book, as an `hs.image` object. If this field is not specified",
          "     but `fetch_leanpub_covers` is true (the default value), this",
          "     method attempts to fetch the book cover from Leanpub. If the",
          "     cover can be retrieved, it gets stored in the icon field so",
          "     it doesn't get fetched every time. You can disable cover",
          "     fetching for individual books by setting this field",
          "     explicitly to `false`"
        ],
        "returns": [
          " * A Lua table containing the status (may be empty), nil if an",
          "   error occurred"
        ],
        "signature": "Leanpub:displayBookStatus(book)",
        "stripped_doc": "",
        "type": "Method"
      },
      {
        "def": "Leanpub:fetchBookCover(book)",
        "desc": "Fetch the cover of a book.",
        "doc": "Fetch the cover of a book.\n\nParameters:\n * book - table containing the book information. The icon gets\n   stored in its `icon` field when it can be fetched.\n\nReturns:\n * No return value\n\nSide effects:\n * Stores the icon in the book data structure",
        "file": "Source/Leanpub.spoon//init.lua",
        "lineno": "272",
        "name": "fetchBookCover",
        "parameters": [
          " * book - table containing the book information. The icon gets",
          "   stored in its `icon` field when it can be fetched."
        ],
        "returns": [
          " * No return value"
        ],
        "signature": "Leanpub:fetchBookCover(book)",
        "stripped_doc": "Side effects:\n * Stores the icon in the book data structure",
        "type": "Method"
      },
      {
        "def": "Leanpub:getBookStatus(slug, callback)",
        "desc": "Asynchronously get the status of a book given its slug.",
        "doc": "Asynchronously get the status of a book given its slug.\n\nParameters:\n * slug - URL \"slug\" of the book to check. The slug of a book is\n   the part of the URL for your book after https://leanpub.com/.\n * callback - function to which the book status will be passed\n   when the data is received. This function will be passed a\n   single argument, a table containing the fields returned by the\n   Leanpub API. If the book is not being built at the moment, an\n   empty table is passed. If an error occurs, the value passed\n   will be `nil`. Samples of the return values can be found at\n   https://leanpub.com/help/api#getting-the-job-status\n\nReturns:\n * No return value",
        "file": "Source/Leanpub.spoon//init.lua",
        "lineno": "122",
        "name": "getBookStatus",
        "parameters": [
          " * slug - URL \"slug\" of the book to check. The slug of a book is",
          "   the part of the URL for your book after https://leanpub.com/.",
          " * callback - function to which the book status will be passed",
          "   when the data is received. This function will be passed a",
          "   single argument, a table containing the fields returned by the",
          "   Leanpub API. If the book is not being built at the moment, an",
          "   empty table is passed. If an error occurs, the value passed",
          "   will be `nil`. Samples of the return values can be found at",
          "   https://leanpub.com/help/api#getting-the-job-status"
        ],
        "returns": [
          " * No return value"
        ],
        "signature": "Leanpub:getBookStatus(slug, callback)",
        "stripped_doc": "",
        "type": "Method"
      },
      {
        "def": "Leanpub:start()",
        "desc": "Start periodic check for book status, checking every check_interval seconds.",
        "doc": "Start periodic check for book status, checking every check_interval seconds.\n\nParameters:\n * None",
        "file": "Source/Leanpub.spoon//init.lua",
        "lineno": "327",
        "name": "start",
        "parameters": [
          " * None"
        ],
        "signature": "Leanpub:start()",
        "stripped_doc": "",
        "type": "Method"
      },
      {
        "def": "Leanpub:stop()",
        "desc": "Stops periodic check for book status, if enabled.",
        "doc": "Stops periodic check for book status, if enabled.\n\nParameters:\n * None",
        "file": "Source/Leanpub.spoon//init.lua",
        "lineno": "340",
        "name": "stop",
        "parameters": [
          " * None"
        ],
        "signature": "Leanpub:stop()",
        "stripped_doc": "",
        "type": "Method"
      }
    ],
    "Variable": [
      {
        "def": "Leanpub.api_key",
        "desc": "String containing the key to use for Leanpub API requests. Get it",
        "doc": "String containing the key to use for Leanpub API requests. Get it\nfrom your Leanpub account under the \"Author / Your API Key\" menu\nsection. No default.",
        "file": "Source/Leanpub.spoon//init.lua",
        "lineno": "56",
        "name": "api_key",
        "signature": "Leanpub.api_key",
        "stripped_doc": "from your Leanpub account under the \"Author / Your API Key\" menu\nsection. No default.",
        "type": "Variable"
      },
      {
        "def": "Leanpub.books_sync_to_dropbox",
        "desc": "Boolean that specifies whether all your books are being synced to",
        "doc": "Boolean that specifies whether all your books are being synced to\nDropbox. If true, the \"Book generation complete\" notification will\ninclude a \"Show\" button to open the book's directory in\nDropbox. Setting this is equivalent to setting the\n`syncs_to_dropbox` attribute for each book in\n`watch_books`. Default value: `false`.",
        "file": "Source/Leanpub.spoon//init.lua",
        "lineno": "46",
        "name": "books_sync_to_dropbox",
        "signature": "Leanpub.books_sync_to_dropbox",
        "stripped_doc": "Dropbox. If true, the \"Book generation complete\" notification will\ninclude a \"Show\" button to open the book's directory in\nDropbox. Setting this is equivalent to setting the\n`syncs_to_dropbox` attribute for each book in\n`watch_books`. Default value: `false`.",
        "type": "Variable"
      },
      {
        "def": "Leanpub.check_interval",
        "desc": "Integer containing the interval (in seconds) at which the book",
        "doc": "Integer containing the interval (in seconds) at which the book\nstatus is checked. Default 5.",
        "file": "Source/Leanpub.spoon//init.lua",
        "lineno": "63",
        "name": "check_interval",
        "signature": "Leanpub.check_interval",
        "stripped_doc": "status is checked. Default 5.",
        "type": "Variable"
      },
      {
        "def": "Leanpub.dropbox_path",
        "desc": "String containing the base Dropbox path to which the books are",
        "doc": "String containing the base Dropbox path to which the books are\nsynced, if the corresponding parameters are set. If unset, the\npath is determined automatically by reading the\n~/.dropbox/info.json file and choosing the path corresponding to\nthe profile specified in `Leanpub.dropbox_profile`. If for some\nreason your synced files are somewhere else, you can store in this\nvariable the final path to use. Most users should be fine with the\ndefaults.",
        "file": "Source/Leanpub.spoon//init.lua",
        "lineno": "84",
        "name": "dropbox_path",
        "signature": "Leanpub.dropbox_path",
        "stripped_doc": "synced, if the corresponding parameters are set. If unset, the\npath is determined automatically by reading the\n~/.dropbox/info.json file and choosing the path corresponding to\nthe profile specified in `Leanpub.dropbox_profile`. If for some\nreason your synced files are somewhere else, you can store in this\nvariable the final path to use. Most users should be fine with the\ndefaults.",
        "type": "Variable"
      },
      {
        "def": "Leanpub.dropbox_type",
        "desc": "String containing the name of the Dropbox account type to use for",
        "doc": "String containing the name of the Dropbox account type to use for\ndetermining the base path of the Dropbox directory. Valid values\nare \"personal\" and \"business\". See\nhttps://help.dropbox.com/installs-integrations/desktop/locate-dropbox-folder\nfor the details. Default value: \"personal\".",
        "file": "Source/Leanpub.spoon//init.lua",
        "lineno": "96",
        "name": "dropbox_type",
        "signature": "Leanpub.dropbox_type",
        "stripped_doc": "determining the base path of the Dropbox directory. Valid values\nare \"personal\" and \"business\". See\nhttps://help.dropbox.com/installs-integrations/desktop/locate-dropbox-folder\nfor the details. Default value: \"personal\".",
        "type": "Variable"
      },
      {
        "def": "Leanpub.fetch_leanpub_covers",
        "desc": "Boolean indicating whether we should try to fetch book covers from",
        "doc": "Boolean indicating whether we should try to fetch book covers from\nLeanpub. Default value: `true`.",
        "file": "Source/Leanpub.spoon//init.lua",
        "lineno": "69",
        "name": "fetch_leanpub_covers",
        "signature": "Leanpub.fetch_leanpub_covers",
        "stripped_doc": "Leanpub. Default value: `true`.",
        "type": "Variable"
      },
      {
        "def": "Leanpub.logger",
        "desc": "Logger object used within the Spoon. Can be accessed to set the",
        "doc": "Logger object used within the Spoon. Can be accessed to set the\ndefault log level for the messages coming from the Spoon.",
        "file": "Source/Leanpub.spoon//init.lua",
        "lineno": "18",
        "name": "logger",
        "signature": "Leanpub.logger",
        "stripped_doc": "default log level for the messages coming from the Spoon.",
        "type": "Variable"
      },
      {
        "def": "Leanpub.persistent_notification",
        "desc": "Table specifying the Leanpub status for which notifications should",
        "doc": "Table specifying the Leanpub status for which notifications should\nnot disappear automatically. The indices correspond to the values\nof the `status` field returned by the Leanpub API. Possible values\nare `working` and `complete`. Default `{ complete = true }` to\nkeep the \"Book generation complete\" messages.",
        "file": "Source/Leanpub.spoon//init.lua",
        "lineno": "75",
        "name": "persistent_notification",
        "signature": "Leanpub.persistent_notification",
        "stripped_doc": "not disappear automatically. The indices correspond to the values\nof the `status` field returned by the Leanpub API. Possible values\nare `working` and `complete`. Default `{ complete = true }` to\nkeep the \"Book generation complete\" messages.",
        "type": "Variable"
      },
      {
        "def": "Leanpub.watch_books",
        "desc": "List of books to watch (by default an empty list). Each element of",
        "doc": "List of books to watch (by default an empty list). Each element of\nthe list must be a table containing the following keys:\n * slug - the web page \"slug\" of the book to watch. The slug of a\n   book can be set under the \"Book Web Page / Web Page URL\" menu\n   section in Leanpub.\n * icon - optional icon to show in the notifications for the book,\n   as an hs.image object. If not specified, and if\n   `fetch_leanpub_covers` is `true`, then the icon is generated\n   automatically from the book cover.\n * syncs_to_dropbox - optional boolean to indicate whether the\n   book is configured in Leanpub to sync to Dropbox (you can find\n   this option in your books \"Writing mode\" screen, as \"Send\n   output to Dropbox\". If true, the \"Book generation complete\"\n   notification will include a \"Show\" button to open the book's\n   directory in Dropbox. If you have multiple books and all of\n   them are synced to Dropbox, you can set the main\n   `Leanpub.books_sync_to_dropbox` variable instead of setting it\n   for each book. Default value: `false`",
        "file": "Source/Leanpub.spoon//init.lua",
        "lineno": "24",
        "name": "watch_books",
        "signature": "Leanpub.watch_books",
        "stripped_doc": "the list must be a table containing the following keys:\n * slug - the web page \"slug\" of the book to watch. The slug of a\n   book can be set under the \"Book Web Page / Web Page URL\" menu\n   section in Leanpub.\n * icon - optional icon to show in the notifications for the book,\n   as an hs.image object. If not specified, and if\n   `fetch_leanpub_covers` is `true`, then the icon is generated\n   automatically from the book cover.\n * syncs_to_dropbox - optional boolean to indicate whether the\n   book is configured in Leanpub to sync to Dropbox (you can find\n   this option in your books \"Writing mode\" screen, as \"Send\n   output to Dropbox\". If true, the \"Book generation complete\"\n   notification will include a \"Show\" button to open the book's\n   directory in Dropbox. If you have multiple books and all of\n   them are synced to Dropbox, you can set the main\n   `Leanpub.books_sync_to_dropbox` variable instead of setting it\n   for each book. Default value: `false`",
        "type": "Variable"
      }
    ],
    "desc": "Spoon to track and notify about Leanpub builds.",
    "doc": "Spoon to track and notify about Leanpub builds.\n\nDownload:\nhttps://github.com/Hammerspoon/Spoons/raw/master/Spoons/Leanpub.spoon.zip",
    "items": [
      {
        "def": "Leanpub.api_key",
        "desc": "String containing the key to use for Leanpub API requests. Get it",
        "doc": "String containing the key to use for Leanpub API requests. Get it\nfrom your Leanpub account under the \"Author / Your API Key\" menu\nsection. No default.",
        "file": "Source/Leanpub.spoon//init.lua",
        "lineno": "56",
        "name": "api_key",
        "signature": "Leanpub.api_key",
        "stripped_doc": "from your Leanpub account under the \"Author / Your API Key\" menu\nsection. No default.",
        "type": "Variable"
      },
      {
        "def": "Leanpub.books_sync_to_dropbox",
        "desc": "Boolean that specifies whether all your books are being synced to",
        "doc": "Boolean that specifies whether all your books are being synced to\nDropbox. If true, the \"Book generation complete\" notification will\ninclude a \"Show\" button to open the book's directory in\nDropbox. Setting this is equivalent to setting the\n`syncs_to_dropbox` attribute for each book in\n`watch_books`. Default value: `false`.",
        "file": "Source/Leanpub.spoon//init.lua",
        "lineno": "46",
        "name": "books_sync_to_dropbox",
        "signature": "Leanpub.books_sync_to_dropbox",
        "stripped_doc": "Dropbox. If true, the \"Book generation complete\" notification will\ninclude a \"Show\" button to open the book's directory in\nDropbox. Setting this is equivalent to setting the\n`syncs_to_dropbox` attribute for each book in\n`watch_books`. Default value: `false`.",
        "type": "Variable"
      },
      {
        "def": "Leanpub.check_interval",
        "desc": "Integer containing the interval (in seconds) at which the book",
        "doc": "Integer containing the interval (in seconds) at which the book\nstatus is checked. Default 5.",
        "file": "Source/Leanpub.spoon//init.lua",
        "lineno": "63",
        "name": "check_interval",
        "signature": "Leanpub.check_interval",
        "stripped_doc": "status is checked. Default 5.",
        "type": "Variable"
      },
      {
        "def": "Leanpub:displayAllBookStatus()",
        "desc": "Check and display (if needed) the status of all the books in `watch_books`",
        "doc": "Check and display (if needed) the status of all the books in `watch_books`\n\nParameters:\n * None",
        "file": "Source/Leanpub.spoon//init.lua",
        "lineno": "313",
        "name": "displayAllBookStatus",
        "parameters": [
          " * None"
        ],
        "signature": "Leanpub:displayAllBookStatus()",
        "stripped_doc": "",
        "type": "Method"
      },
      {
        "def": "Leanpub:displayBookStatus(book)",
        "desc": "Display a notification with the current build status of a book.",
        "doc": "Display a notification with the current build status of a book.\n\nParameters:\n * book - table containing the information of the book to\n   check. The table must contain the following fields:\n   * slug - URL \"slug\" of the book to check. The slug is the part\n     of the book URL after https://leanpub.com/.\n   * icon - optional icon to show in the notifications for the\n     book, as an `hs.image` object. If this field is not specified\n     but `fetch_leanpub_covers` is true (the default value), this\n     method attempts to fetch the book cover from Leanpub. If the\n     cover can be retrieved, it gets stored in the icon field so\n     it doesn't get fetched every time. You can disable cover\n     fetching for individual books by setting this field\n     explicitly to `false`\n\nReturns:\n * A Lua table containing the status (may be empty), nil if an\n   error occurred\n\nNotes:\n* Only produce a notification if the current status is different than the last known one (from the last time `displayBookStatus` was run for the same book).",
        "file": "Source/Leanpub.spoon//init.lua",
        "lineno": "166",
        "name": "displayBookStatus",
        "notes": [
          "* Only produce a notification if the current status is different than the last known one (from the last time `displayBookStatus` was run for the same book)."
        ],
        "parameters": [
          " * book - table containing the information of the book to",
          "   check. The table must contain the following fields:",
          "   * slug - URL \"slug\" of the book to check. The slug is the part",
          "     of the book URL after https://leanpub.com/.",
          "   * icon - optional icon to show in the notifications for the",
          "     book, as an `hs.image` object. If this field is not specified",
          "     but `fetch_leanpub_covers` is true (the default value), this",
          "     method attempts to fetch the book cover from Leanpub. If the",
          "     cover can be retrieved, it gets stored in the icon field so",
          "     it doesn't get fetched every time. You can disable cover",
          "     fetching for individual books by setting this field",
          "     explicitly to `false`"
        ],
        "returns": [
          " * A Lua table containing the status (may be empty), nil if an",
          "   error occurred"
        ],
        "signature": "Leanpub:displayBookStatus(book)",
        "stripped_doc": "",
        "type": "Method"
      },
      {
        "def": "Leanpub.dropbox_path",
        "desc": "String containing the base Dropbox path to which the books are",
        "doc": "String containing the base Dropbox path to which the books are\nsynced, if the corresponding parameters are set. If unset, the\npath is determined automatically by reading the\n~/.dropbox/info.json file and choosing the path corresponding to\nthe profile specified in `Leanpub.dropbox_profile`. If for some\nreason your synced files are somewhere else, you can store in this\nvariable the final path to use. Most users should be fine with the\ndefaults.",
        "file": "Source/Leanpub.spoon//init.lua",
        "lineno": "84",
        "name": "dropbox_path",
        "signature": "Leanpub.dropbox_path",
        "stripped_doc": "synced, if the corresponding parameters are set. If unset, the\npath is determined automatically by reading the\n~/.dropbox/info.json file and choosing the path corresponding to\nthe profile specified in `Leanpub.dropbox_profile`. If for some\nreason your synced files are somewhere else, you can store in this\nvariable the final path to use. Most users should be fine with the\ndefaults.",
        "type": "Variable"
      },
      {
        "def": "Leanpub.dropbox_type",
        "desc": "String containing the name of the Dropbox account type to use for",
        "doc": "String containing the name of the Dropbox account type to use for\ndetermining the base path of the Dropbox directory. Valid values\nare \"personal\" and \"business\". See\nhttps://help.dropbox.com/installs-integrations/desktop/locate-dropbox-folder\nfor the details. Default value: \"personal\".",
        "file": "Source/Leanpub.spoon//init.lua",
        "lineno": "96",
        "name": "dropbox_type",
        "signature": "Leanpub.dropbox_type",
        "stripped_doc": "determining the base path of the Dropbox directory. Valid values\nare \"personal\" and \"business\". See\nhttps://help.dropbox.com/installs-integrations/desktop/locate-dropbox-folder\nfor the details. Default value: \"personal\".",
        "type": "Variable"
      },
      {
        "def": "Leanpub.fetch_leanpub_covers",
        "desc": "Boolean indicating whether we should try to fetch book covers from",
        "doc": "Boolean indicating whether we should try to fetch book covers from\nLeanpub. Default value: `true`.",
        "file": "Source/Leanpub.spoon//init.lua",
        "lineno": "69",
        "name": "fetch_leanpub_covers",
        "signature": "Leanpub.fetch_leanpub_covers",
        "stripped_doc": "Leanpub. Default value: `true`.",
        "type": "Variable"
      },
      {
        "def": "Leanpub:fetchBookCover(book)",
        "desc": "Fetch the cover of a book.",
        "doc": "Fetch the cover of a book.\n\nParameters:\n * book - table containing the book information. The icon gets\n   stored in its `icon` field when it can be fetched.\n\nReturns:\n * No return value\n\nSide effects:\n * Stores the icon in the book data structure",
        "file": "Source/Leanpub.spoon//init.lua",
        "lineno": "272",
        "name": "fetchBookCover",
        "parameters": [
          " * book - table containing the book information. The icon gets",
          "   stored in its `icon` field when it can be fetched."
        ],
        "returns": [
          " * No return value"
        ],
        "signature": "Leanpub:fetchBookCover(book)",
        "stripped_doc": "Side effects:\n * Stores the icon in the book data structure",
        "type": "Method"
      },
      {
        "def": "Leanpub:getBookStatus(slug, callback)",
        "desc": "Asynchronously get the status of a book given its slug.",
        "doc": "Asynchronously get the status of a book given its slug.\n\nParameters:\n * slug - URL \"slug\" of the book to check. The slug of a book is\n   the part of the URL for your book after https://leanpub.com/.\n * callback - function to which the book status will be passed\n   when the data is received. This function will be passed a\n   single argument, a table containing the fields returned by the\n   Leanpub API. If the book is not being built at the moment, an\n   empty table is passed. If an error occurs, the value passed\n   will be `nil`. Samples of the return values can be found at\n   https://leanpub.com/help/api#getting-the-job-status\n\nReturns:\n * No return value",
        "file": "Source/Leanpub.spoon//init.lua",
        "lineno": "122",
        "name": "getBookStatus",
        "parameters": [
          " * slug - URL \"slug\" of the book to check. The slug of a book is",
          "   the part of the URL for your book after https://leanpub.com/.",
          " * callback - function to which the book status will be passed",
          "   when the data is received. This function will be passed a",
          "   single argument, a table containing the fields returned by the",
          "   Leanpub API. If the book is not being built at the moment, an",
          "   empty table is passed. If an error occurs, the value passed",
          "   will be `nil`. Samples of the return values can be found at",
          "   https://leanpub.com/help/api#getting-the-job-status"
        ],
        "returns": [
          " * No return value"
        ],
        "signature": "Leanpub:getBookStatus(slug, callback)",
        "stripped_doc": "",
        "type": "Method"
      },
      {
        "def": "Leanpub.logger",
        "desc": "Logger object used within the Spoon. Can be accessed to set the",
        "doc": "Logger object used within the Spoon. Can be accessed to set the\ndefault log level for the messages coming from the Spoon.",
        "file": "Source/Leanpub.spoon//init.lua",
        "lineno": "18",
        "name": "logger",
        "signature": "Leanpub.logger",
        "stripped_doc": "default log level for the messages coming from the Spoon.",
        "type": "Variable"
      },
      {
        "def": "Leanpub.persistent_notification",
        "desc": "Table specifying the Leanpub status for which notifications should",
        "doc": "Table specifying the Leanpub status for which notifications should\nnot disappear automatically. The indices correspond to the values\nof the `status` field returned by the Leanpub API. Possible values\nare `working` and `complete`. Default `{ complete = true }` to\nkeep the \"Book generation complete\" messages.",
        "file": "Source/Leanpub.spoon//init.lua",
        "lineno": "75",
        "name": "persistent_notification",
        "signature": "Leanpub.persistent_notification",
        "stripped_doc": "not disappear automatically. The indices correspond to the values\nof the `status` field returned by the Leanpub API. Possible values\nare `working` and `complete`. Default `{ complete = true }` to\nkeep the \"Book generation complete\" messages.",
        "type": "Variable"
      },
      {
        "def": "Leanpub:start()",
        "desc": "Start periodic check for book status, checking every check_interval seconds.",
        "doc": "Start periodic check for book status, checking every check_interval seconds.\n\nParameters:\n * None",
        "file": "Source/Leanpub.spoon//init.lua",
        "lineno": "327",
        "name": "start",
        "parameters": [
          " * None"
        ],
        "signature": "Leanpub:start()",
        "stripped_doc": "",
        "type": "Method"
      },
      {
        "def": "Leanpub:stop()",
        "desc": "Stops periodic check for book status, if enabled.",
        "doc": "Stops periodic check for book status, if enabled.\n\nParameters:\n * None",
        "file": "Source/Leanpub.spoon//init.lua",
        "lineno": "340",
        "name": "stop",
        "parameters": [
          " * None"
        ],
        "signature": "Leanpub:stop()",
        "stripped_doc": "",
        "type": "Method"
      },
      {
        "def": "Leanpub.watch_books",
        "desc": "List of books to watch (by default an empty list). Each element of",
        "doc": "List of books to watch (by default an empty list). Each element of\nthe list must be a table containing the following keys:\n * slug - the web page \"slug\" of the book to watch. The slug of a\n   book can be set under the \"Book Web Page / Web Page URL\" menu\n   section in Leanpub.\n * icon - optional icon to show in the notifications for the book,\n   as an hs.image object. If not specified, and if\n   `fetch_leanpub_covers` is `true`, then the icon is generated\n   automatically from the book cover.\n * syncs_to_dropbox - optional boolean to indicate whether the\n   book is configured in Leanpub to sync to Dropbox (you can find\n   this option in your books \"Writing mode\" screen, as \"Send\n   output to Dropbox\". If true, the \"Book generation complete\"\n   notification will include a \"Show\" button to open the book's\n   directory in Dropbox. If you have multiple books and all of\n   them are synced to Dropbox, you can set the main\n   `Leanpub.books_sync_to_dropbox` variable instead of setting it\n   for each book. Default value: `false`",
        "file": "Source/Leanpub.spoon//init.lua",
        "lineno": "24",
        "name": "watch_books",
        "signature": "Leanpub.watch_books",
        "stripped_doc": "the list must be a table containing the following keys:\n * slug - the web page \"slug\" of the book to watch. The slug of a\n   book can be set under the \"Book Web Page / Web Page URL\" menu\n   section in Leanpub.\n * icon - optional icon to show in the notifications for the book,\n   as an hs.image object. If not specified, and if\n   `fetch_leanpub_covers` is `true`, then the icon is generated\n   automatically from the book cover.\n * syncs_to_dropbox - optional boolean to indicate whether the\n   book is configured in Leanpub to sync to Dropbox (you can find\n   this option in your books \"Writing mode\" screen, as \"Send\n   output to Dropbox\". If true, the \"Book generation complete\"\n   notification will include a \"Show\" button to open the book's\n   directory in Dropbox. If you have multiple books and all of\n   them are synced to Dropbox, you can set the main\n   `Leanpub.books_sync_to_dropbox` variable instead of setting it\n   for each book. Default value: `false`",
        "type": "Variable"
      }
    ],
    "name": "Leanpub",
    "stripped_doc": "\nDownload:\nhttps://github.com/Hammerspoon/Spoons/raw/master/Spoons/Leanpub.spoon.zip",
    "submodules": [],
    "type": "Module"
  }
]