[
  {
    "Command": [],
    "Constant": [],
    "Constructor": [],
    "Deprecated": [],
    "Field": [],
    "Function": [],
    "Method": [],
    "Variable": [],
    "desc": "Automatically sets a random Unsplash image as your wallpaper daily.",
    "doc": "Automatically sets a random Unsplash image as your wallpaper daily.\n\nDownload: [https://github.com/Hammerspoon/Spoons/raw/master/Spoons/UnsplashRandom.spoon.zip](https://github.com/Hammerspoon/Spoons/raw/master/Spoons/UnsplashRandom.spoon.zip)",
    "items": [],
    "name": "UnsplashRandom",
    "stripped_doc": "\nDownload: [https://github.com/Hammerspoon/Spoons/raw/master/Spoons/UnsplashRandom.spoon.zip](https://github.com/Hammerspoon/Spoons/raw/master/Spoons/UnsplashRandom.spoon.zip)",
    "submodules": [],
    "type": "Module"
  }
]