[
  {
    "Command": [],
    "Constant": [],
    "Constructor": [],
    "Deprecated": [],
    "Field": [],
    "Function": [],
    "Method": [
      {
        "def": "LookupSelection:bindHotkeys(mapping)",
        "desc": "Binds hotkeys for LookupSelection",
        "doc": "Binds hotkeys for LookupSelection\n\nParameters:\n * mapping - A table containing hotkey modifier/key details for the following items:\n  * `lexicon` - open in lexicon app\n  * `neue_notiz` -  create new note in notes app\n  * `hsdocs` -  display online help\n\nSample value for `mapping`:\n```\n {\n    lexicon = { { \"ctrl\", \"alt\", \"cmd\" }, \"L\" },\n    neue_notiz = { { \"ctrl\", \"alt\", \"cmd\" }, \"N\" },\n    hsdocs = { { \"ctrl\", \"alt\", \"cmd\" }, \"H\" },\n }\n```",
        "name": "bindHotkeys",
        "parameters": [
          " * mapping - A table containing hotkey modifier/key details for the following items:",
          "  * `lexicon` - open in lexicon app",
          "  * `neue_notiz` -  create new note in notes app",
          "  * `hsdocs` -  display online help"
        ],
        "signature": "LookupSelection:bindHotkeys(mapping)",
        "stripped_doc": "Sample value for `mapping`:\n```\n {\n    lexicon = { { \"ctrl\", \"alt\", \"cmd\" }, \"L\" },\n    neue_notiz = { { \"ctrl\", \"alt\", \"cmd\" }, \"N\" },\n    hsdocs = { { \"ctrl\", \"alt\", \"cmd\" }, \"H\" },\n }\n```",
        "type": "Method"
      },
      {
        "def": "LookupSelection:openLexicon()",
        "desc": "Get the current selected text in the frontmost window and display a translation popup with the translation between the specified languages",
        "doc": "Get the current selected text in the frontmost window and display a translation popup with the translation between the specified languages\n\nReturns:\n * The LookupSelection object",
        "name": "openLexicon",
        "returns": [
          " * The LookupSelection object"
        ],
        "signature": "LookupSelection:openLexicon()",
        "stripped_doc": "",
        "type": "Method"
      }
    ],
    "Variable": [
      {
        "def": "LookupSelection.logger",
        "desc": "Logger object used within the Spoon. Can be accessed to set the default log level for the messages coming from the Spoon.",
        "doc": "Logger object used within the Spoon. Can be accessed to set the default log level for the messages coming from the Spoon.",
        "name": "logger",
        "signature": "LookupSelection.logger",
        "stripped_doc": "",
        "type": "Variable"
      }
    ],
    "desc": "Show a popup window with the currently selected word in lexicon, notes, online help",
    "doc": "Show a popup window with the currently selected word in lexicon, notes, online help\n\nThe spoon uses hs.urlevent.openURL(\"dict://\" .. text) \n\nDownload: [https://github.com/Hammerspoon/Spoons/raw/master/Spoons/LookupSelection.spoon.zip](https://github.com/Hammerspoon/Spoons/raw/master/Spoons/LookupSelection.spoon.zip)",
    "items": [
      {
        "def": "LookupSelection:bindHotkeys(mapping)",
        "desc": "Binds hotkeys for LookupSelection",
        "doc": "Binds hotkeys for LookupSelection\n\nParameters:\n * mapping - A table containing hotkey modifier/key details for the following items:\n  * `lexicon` - open in lexicon app\n  * `neue_notiz` -  create new note in notes app\n  * `hsdocs` -  display online help\n\nSample value for `mapping`:\n```\n {\n    lexicon = { { \"ctrl\", \"alt\", \"cmd\" }, \"L\" },\n    neue_notiz = { { \"ctrl\", \"alt\", \"cmd\" }, \"N\" },\n    hsdocs = { { \"ctrl\", \"alt\", \"cmd\" }, \"H\" },\n }\n```",
        "name": "bindHotkeys",
        "parameters": [
          " * mapping - A table containing hotkey modifier/key details for the following items:",
          "  * `lexicon` - open in lexicon app",
          "  * `neue_notiz` -  create new note in notes app",
          "  * `hsdocs` -  display online help"
        ],
        "signature": "LookupSelection:bindHotkeys(mapping)",
        "stripped_doc": "Sample value for `mapping`:\n```\n {\n    lexicon = { { \"ctrl\", \"alt\", \"cmd\" }, \"L\" },\n    neue_notiz = { { \"ctrl\", \"alt\", \"cmd\" }, \"N\" },\n    hsdocs = { { \"ctrl\", \"alt\", \"cmd\" }, \"H\" },\n }\n```",
        "type": "Method"
      },
      {
        "def": "LookupSelection.logger",
        "desc": "Logger object used within the Spoon. Can be accessed to set the default log level for the messages coming from the Spoon.",
        "doc": "Logger object used within the Spoon. Can be accessed to set the default log level for the messages coming from the Spoon.",
        "name": "logger",
        "signature": "LookupSelection.logger",
        "stripped_doc": "",
        "type": "Variable"
      },
      {
        "def": "LookupSelection:openLexicon()",
        "desc": "Get the current selected text in the frontmost window and display a translation popup with the translation between the specified languages",
        "doc": "Get the current selected text in the frontmost window and display a translation popup with the translation between the specified languages\n\nReturns:\n * The LookupSelection object",
        "name": "openLexicon",
        "returns": [
          " * The LookupSelection object"
        ],
        "signature": "LookupSelection:openLexicon()",
        "stripped_doc": "",
        "type": "Method"
      }
    ],
    "name": "LookupSelection",
    "stripped_doc": "\nThe spoon uses hs.urlevent.openURL(\"dict://\" .. text) \n\nDownload: [https://github.com/Hammerspoon/Spoons/raw/master/Spoons/LookupSelection.spoon.zip](https://github.com/Hammerspoon/Spoons/raw/master/Spoons/LookupSelection.spoon.zip)",
    "submodules": [],
    "type": "Module"
  }
]