[
  {
    "Command": [],
    "Constant": [],
    "Constructor": [],
    "Deprecated": [],
    "Field": [],
    "Function": [],
    "Method": [
      {
        "def": "WindowScreenLeftAndRight:bindHotkeys(mapping)",
        "desc": "Binds hotkeys for WindowScreenLeftAndRight",
        "doc": "Binds hotkeys for WindowScreenLeftAndRight\n\nParameters:\n * mapping - A table containing hotkey objifier/key details for the following items:\n  * screen_left, screen_right - move the window to the left/right screen (if you have more than one monitor connected, does nothing otherwise)",
        "name": "bindHotkeys",
        "parameters": [
          " * mapping - A table containing hotkey objifier/key details for the following items:",
          "  * screen_left, screen_right - move the window to the left/right screen (if you have more than one monitor connected, does nothing otherwise)"
        ],
        "signature": "WindowScreenLeftAndRight:bindHotkeys(mapping)",
        "stripped_doc": "",
        "type": "Method"
      }
    ],
    "Variable": [
      {
        "def": "WindowScreenLeftAndRight.animationDuration",
        "desc": "Length of the animation to use for the window movements across the",
        "doc": "Length of the animation to use for the window movements across the\nscreens. `nil` means to use the existing value from\n`hs.window.animationDuration`. 0 means to disable the\nanimations. Default: `nil`.",
        "name": "animationDuration",
        "signature": "WindowScreenLeftAndRight.animationDuration",
        "stripped_doc": "screens. `nil` means to use the existing value from\n`hs.window.animationDuration`. 0 means to disable the\nanimations. Default: `nil`.",
        "type": "Variable"
      },
      {
        "def": "WindowScreenLeftAndRight.defaultHotkeys",
        "desc": "Table containing a sample set of hotkeys that can be",
        "doc": "Table containing a sample set of hotkeys that can be\nassigned to the different operations. These are not bound\nby default - if you want to use them you have to call:\n`spoon.WindowScreenLeftAndRight:bindHotkeys(spoon.WindowScreenLeftAndRight.defaultHotkeys)`\nafter loading the spoon. Value:\n```\n {\n    screen_left = { {\"ctrl\", \"alt\", \"cmd\"}, \"Left\" },\n    screen_right= { {\"ctrl\", \"alt\", \"cmd\"}, \"Right\" },\n }\n```",
        "name": "defaultHotkeys",
        "signature": "WindowScreenLeftAndRight.defaultHotkeys",
        "stripped_doc": "assigned to the different operations. These are not bound\nby default - if you want to use them you have to call:\n`spoon.WindowScreenLeftAndRight:bindHotkeys(spoon.WindowScreenLeftAndRight.defaultHotkeys)`\nafter loading the spoon. Value:\n```\n {\n    screen_left = { {\"ctrl\", \"alt\", \"cmd\"}, \"Left\" },\n    screen_right= { {\"ctrl\", \"alt\", \"cmd\"}, \"Right\" },\n }\n```",
        "type": "Variable"
      },
      {
        "def": "WindowScreenLeftAndRight.logger",
        "desc": "Logger object used within the Spoon. Can be accessed to set the default log level for the messages coming from the Spoon.",
        "doc": "Logger object used within the Spoon. Can be accessed to set the default log level for the messages coming from the Spoon.",
        "name": "logger",
        "signature": "WindowScreenLeftAndRight.logger",
        "stripped_doc": "",
        "type": "Variable"
      }
    ],
    "desc": "Move windows to other screens",
    "doc": "Move windows to other screens\n\nDownload: [https://github.com/Hammerspoon/Spoons/raw/master/Spoons/WindowScreenLeftAndRight.spoon.zip](https://github.com/Hammerspoon/Spoons/raw/master/Spoons/WindowScreenLeftAndRight.spoon.zip)",
    "items": [
      {
        "def": "WindowScreenLeftAndRight.animationDuration",
        "desc": "Length of the animation to use for the window movements across the",
        "doc": "Length of the animation to use for the window movements across the\nscreens. `nil` means to use the existing value from\n`hs.window.animationDuration`. 0 means to disable the\nanimations. Default: `nil`.",
        "name": "animationDuration",
        "signature": "WindowScreenLeftAndRight.animationDuration",
        "stripped_doc": "screens. `nil` means to use the existing value from\n`hs.window.animationDuration`. 0 means to disable the\nanimations. Default: `nil`.",
        "type": "Variable"
      },
      {
        "def": "WindowScreenLeftAndRight:bindHotkeys(mapping)",
        "desc": "Binds hotkeys for WindowScreenLeftAndRight",
        "doc": "Binds hotkeys for WindowScreenLeftAndRight\n\nParameters:\n * mapping - A table containing hotkey objifier/key details for the following items:\n  * screen_left, screen_right - move the window to the left/right screen (if you have more than one monitor connected, does nothing otherwise)",
        "name": "bindHotkeys",
        "parameters": [
          " * mapping - A table containing hotkey objifier/key details for the following items:",
          "  * screen_left, screen_right - move the window to the left/right screen (if you have more than one monitor connected, does nothing otherwise)"
        ],
        "signature": "WindowScreenLeftAndRight:bindHotkeys(mapping)",
        "stripped_doc": "",
        "type": "Method"
      },
      {
        "def": "WindowScreenLeftAndRight.defaultHotkeys",
        "desc": "Table containing a sample set of hotkeys that can be",
        "doc": "Table containing a sample set of hotkeys that can be\nassigned to the different operations. These are not bound\nby default - if you want to use them you have to call:\n`spoon.WindowScreenLeftAndRight:bindHotkeys(spoon.WindowScreenLeftAndRight.defaultHotkeys)`\nafter loading the spoon. Value:\n```\n {\n    screen_left = { {\"ctrl\", \"alt\", \"cmd\"}, \"Left\" },\n    screen_right= { {\"ctrl\", \"alt\", \"cmd\"}, \"Right\" },\n }\n```",
        "name": "defaultHotkeys",
        "signature": "WindowScreenLeftAndRight.defaultHotkeys",
        "stripped_doc": "assigned to the different operations. These are not bound\nby default - if you want to use them you have to call:\n`spoon.WindowScreenLeftAndRight:bindHotkeys(spoon.WindowScreenLeftAndRight.defaultHotkeys)`\nafter loading the spoon. Value:\n```\n {\n    screen_left = { {\"ctrl\", \"alt\", \"cmd\"}, \"Left\" },\n    screen_right= { {\"ctrl\", \"alt\", \"cmd\"}, \"Right\" },\n }\n```",
        "type": "Variable"
      },
      {
        "def": "WindowScreenLeftAndRight.logger",
        "desc": "Logger object used within the Spoon. Can be accessed to set the default log level for the messages coming from the Spoon.",
        "doc": "Logger object used within the Spoon. Can be accessed to set the default log level for the messages coming from the Spoon.",
        "name": "logger",
        "signature": "WindowScreenLeftAndRight.logger",
        "stripped_doc": "",
        "type": "Variable"
      }
    ],
    "name": "WindowScreenLeftAndRight",
    "stripped_doc": "\nDownload: [https://github.com/Hammerspoon/Spoons/raw/master/Spoons/WindowScreenLeftAndRight.spoon.zip](https://github.com/Hammerspoon/Spoons/raw/master/Spoons/WindowScreenLeftAndRight.spoon.zip)",
    "submodules": [],
    "type": "Module"
  }
]