[
  {
    "Constant" : [

    ],
    "submodules" : [

    ],
    "Function" : [

    ],
    "Variable" : [
      {
        "def" : "BrewInfo.brew_info_delay_sec",
        "stripped_doc" : [
          "An integer specifying how long the alerts generated by BrewInfo will stay onscreen"
        ],
        "parameters" : [

        ],
        "doc" : "An integer specifying how long the alerts generated by BrewInfo will stay onscreen",
        "notes" : [

        ],
        "signature" : "BrewInfo.brew_info_delay_sec",
        "type" : "Variable",
        "returns" : [

        ],
        "name" : "brew_info_delay_sec",
        "desc" : "An integer specifying how long the alerts generated by BrewInfo will stay onscreen"
      },
      {
        "def" : "BrewInfo.brew_info_style",
        "stripped_doc" : [
          "A table in conformance with the [hs.alert.defaultStyle](http:\/\/www.hammerspoon.org\/docs\/hs.alert.html#defaultStyle[]) format that specifies the style used by the alerts. Default value: `{ textFont = \"Courier New\", textSize = 14, radius = 10 }`"
        ],
        "parameters" : [

        ],
        "doc" : "A table in conformance with the [hs.alert.defaultStyle](http:\/\/www.hammerspoon.org\/docs\/hs.alert.html#defaultStyle[]) format that specifies the style used by the alerts. Default value: `{ textFont = \"Courier New\", textSize = 14, radius = 10 }`",
        "notes" : [

        ],
        "signature" : "BrewInfo.brew_info_style",
        "type" : "Variable",
        "returns" : [

        ],
        "name" : "brew_info_style",
        "desc" : "A table in conformance with the [hs.alert.defaultStyle](http:\/\/www.hammerspoon.org\/docs\/hs.alert.html#defaultStyle[]) format that specifies the style used by the alerts. Default value: `{ textFont = \"Courier New\", textSize = 14, radius = 10 }`"
      },
      {
        "def" : "BrewInfo.select_text_if_needed",
        "stripped_doc" : [
          "If `true`, and no text is currently selected in the terminal, issue a double-click to select the text below the cursor, and use that as the input to `brew info`. See also `BrewInfo.select_text_modifiers`. Defaults to `true`."
        ],
        "parameters" : [

        ],
        "doc" : "If `true`, and no text is currently selected in the terminal, issue a double-click to select the text below the cursor, and use that as the input to `brew info`. See also `BrewInfo.select_text_modifiers`. Defaults to `true`.",
        "notes" : [

        ],
        "signature" : "BrewInfo.select_text_if_needed",
        "type" : "Variable",
        "returns" : [

        ],
        "name" : "select_text_if_needed",
        "desc" : "If `true`, and no text is currently selected in the terminal, issue a double-click to select the text below the cursor, and use that as the input to `brew info`. See also `BrewInfo.select_text_modifiers`. Defaults to `true`."
      },
      {
        "def" : "BrewInfo.select_text_modifiers",
        "stripped_doc" : [
          "Table containing the modifiers to be used together with a double-click when `BrewInfo.select_text_if_needed` is true. Defaults to `{cmd = true, shift = true}` to issue a Cmd-Shift-double-click, which will select a continuous non-space string in Terminal and iTerm2."
        ],
        "parameters" : [

        ],
        "doc" : "Table containing the modifiers to be used together with a double-click when `BrewInfo.select_text_if_needed` is true. Defaults to `{cmd = true, shift = true}` to issue a Cmd-Shift-double-click, which will select a continuous non-space string in Terminal and iTerm2.",
        "notes" : [

        ],
        "signature" : "BrewInfo.select_text_modifiers",
        "type" : "Variable",
        "returns" : [

        ],
        "name" : "select_text_modifiers",
        "desc" : "Table containing the modifiers to be used together with a double-click when `BrewInfo.select_text_if_needed` is true. Defaults to `{cmd = true, shift = true}` to issue a Cmd-Shift-double-click, which will select a continuous non-space string in Terminal and iTerm2."
      }
    ],
    "stripped_doc" : [

    ],
    "Deprecated" : [

    ],
    "type" : "Module",
    "desc" : "Display pop-up with Homebrew Formula info, or open their URL",
    "Constructor" : [

    ],
    "items" : [
      {
        "def" : "BrewInfo.brew_info_delay_sec",
        "stripped_doc" : [
          "An integer specifying how long the alerts generated by BrewInfo will stay onscreen"
        ],
        "parameters" : [

        ],
        "doc" : "An integer specifying how long the alerts generated by BrewInfo will stay onscreen",
        "notes" : [

        ],
        "signature" : "BrewInfo.brew_info_delay_sec",
        "type" : "Variable",
        "returns" : [

        ],
        "name" : "brew_info_delay_sec",
        "desc" : "An integer specifying how long the alerts generated by BrewInfo will stay onscreen"
      },
      {
        "def" : "BrewInfo.brew_info_style",
        "stripped_doc" : [
          "A table in conformance with the [hs.alert.defaultStyle](http:\/\/www.hammerspoon.org\/docs\/hs.alert.html#defaultStyle[]) format that specifies the style used by the alerts. Default value: `{ textFont = \"Courier New\", textSize = 14, radius = 10 }`"
        ],
        "parameters" : [

        ],
        "doc" : "A table in conformance with the [hs.alert.defaultStyle](http:\/\/www.hammerspoon.org\/docs\/hs.alert.html#defaultStyle[]) format that specifies the style used by the alerts. Default value: `{ textFont = \"Courier New\", textSize = 14, radius = 10 }`",
        "notes" : [

        ],
        "signature" : "BrewInfo.brew_info_style",
        "type" : "Variable",
        "returns" : [

        ],
        "name" : "brew_info_style",
        "desc" : "A table in conformance with the [hs.alert.defaultStyle](http:\/\/www.hammerspoon.org\/docs\/hs.alert.html#defaultStyle[]) format that specifies the style used by the alerts. Default value: `{ textFont = \"Courier New\", textSize = 14, radius = 10 }`"
      },
      {
        "def" : "BrewInfo.select_text_if_needed",
        "stripped_doc" : [
          "If `true`, and no text is currently selected in the terminal, issue a double-click to select the text below the cursor, and use that as the input to `brew info`. See also `BrewInfo.select_text_modifiers`. Defaults to `true`."
        ],
        "parameters" : [

        ],
        "doc" : "If `true`, and no text is currently selected in the terminal, issue a double-click to select the text below the cursor, and use that as the input to `brew info`. See also `BrewInfo.select_text_modifiers`. Defaults to `true`.",
        "notes" : [

        ],
        "signature" : "BrewInfo.select_text_if_needed",
        "type" : "Variable",
        "returns" : [

        ],
        "name" : "select_text_if_needed",
        "desc" : "If `true`, and no text is currently selected in the terminal, issue a double-click to select the text below the cursor, and use that as the input to `brew info`. See also `BrewInfo.select_text_modifiers`. Defaults to `true`."
      },
      {
        "def" : "BrewInfo.select_text_modifiers",
        "stripped_doc" : [
          "Table containing the modifiers to be used together with a double-click when `BrewInfo.select_text_if_needed` is true. Defaults to `{cmd = true, shift = true}` to issue a Cmd-Shift-double-click, which will select a continuous non-space string in Terminal and iTerm2."
        ],
        "parameters" : [

        ],
        "doc" : "Table containing the modifiers to be used together with a double-click when `BrewInfo.select_text_if_needed` is true. Defaults to `{cmd = true, shift = true}` to issue a Cmd-Shift-double-click, which will select a continuous non-space string in Terminal and iTerm2.",
        "notes" : [

        ],
        "signature" : "BrewInfo.select_text_modifiers",
        "type" : "Variable",
        "returns" : [

        ],
        "name" : "select_text_modifiers",
        "desc" : "Table containing the modifiers to be used together with a double-click when `BrewInfo.select_text_if_needed` is true. Defaults to `{cmd = true, shift = true}` to issue a Cmd-Shift-double-click, which will select a continuous non-space string in Terminal and iTerm2."
      },
      {
        "def" : "BrewInfo:bindHotkeys(mapping)",
        "stripped_doc" : [
          "Binds hotkeys for BrewInfo",
          ""
        ],
        "parameters" : [
          " * mapping - A table containing hotkey modifier\/key details for the following items:",
          "  * show_brew_info - Show output of `brew info` using the selected text as package name",
          "  * open_brew_url - Open the homepage of the formula whose name is currently selected",
          "  * show_brew_cask_info - Show output of `brew cask info` using the selected text as package name",
          "  * open_brew_cask_url - Open the homepage of the Cask whose name is currently selected"
        ],
        "doc" : "Binds hotkeys for BrewInfo\n\nParameters:\n * mapping - A table containing hotkey modifier\/key details for the following items:\n  * show_brew_info - Show output of `brew info` using the selected text as package name\n  * open_brew_url - Open the homepage of the formula whose name is currently selected\n  * show_brew_cask_info - Show output of `brew cask info` using the selected text as package name\n  * open_brew_cask_url - Open the homepage of the Cask whose name is currently selected",
        "notes" : [

        ],
        "signature" : "BrewInfo:bindHotkeys(mapping)",
        "type" : "Method",
        "returns" : [

        ],
        "name" : "bindHotkeys",
        "desc" : "Binds hotkeys for BrewInfo"
      },
      {
        "def" : "BrewInfo:openBrewURL(pkg, cask)",
        "stripped_doc" : [
          "Opens the homepage for package `pkg`, as obtained from the `homepage` field in `brew cat [--cask] <pkg>`",
          ""
        ],
        "parameters" : [
          " * pkg - name of the package to query",
          " * cask - boolean indicating if pkg is a cask",
          ""
        ],
        "doc" : "Opens the homepage for package `pkg`, as obtained from the `homepage` field in `brew cat [--cask] <pkg>`\n\nParameters:\n * pkg - name of the package to query\n * cask - boolean indicating if pkg is a cask\n\nReturns:\n * The Spoon object",
        "notes" : [

        ],
        "signature" : "BrewInfo:openBrewURL(pkg, cask)",
        "type" : "Method",
        "returns" : [
          " * The Spoon object"
        ],
        "name" : "openBrewURL",
        "desc" : "Opens the homepage for package `pkg`, as obtained from the `homepage` field in `brew cat [--cask] <pkg>`"
      },
      {
        "def" : "BrewInfo:openBrewURLCurSel(cask)",
        "stripped_doc" : [
          "Opens the homepage for the currently-selected package, as obtained from the `homepage` field in `brew cat [--cask] <pkg>`",
          ""
        ],
        "parameters" : [
          " * cask - boolean indicating if pkg is a cask",
          ""
        ],
        "doc" : "Opens the homepage for the currently-selected package, as obtained from the `homepage` field in `brew cat [--cask] <pkg>`\n\nParameters:\n * cask - boolean indicating if pkg is a cask\n\nReturns:\n * The Spoon object",
        "notes" : [

        ],
        "signature" : "BrewInfo:openBrewURLCurSel(cask)",
        "type" : "Method",
        "returns" : [
          " * The Spoon object"
        ],
        "name" : "openBrewURLCurSel",
        "desc" : "Opens the homepage for the currently-selected package, as obtained from the `homepage` field in `brew cat [--cask] <pkg>`"
      },
      {
        "def" : "BrewInfo:showBrewInfo(pkg, subcommand)",
        "stripped_doc" : [
          "Displays an alert with the output of `brew <subcommand> info <pkg>`",
          ""
        ],
        "parameters" : [
          " * pkg - name of the package to query",
          " * cask - boolean indicating if pkg is a cask",
          ""
        ],
        "doc" : "Displays an alert with the output of `brew <subcommand> info <pkg>`\n\nParameters:\n * pkg - name of the package to query\n * cask - boolean indicating if pkg is a cask\n\nReturns:\n * The Spoon object",
        "notes" : [

        ],
        "signature" : "BrewInfo:showBrewInfo(pkg, subcommand)",
        "type" : "Method",
        "returns" : [
          " * The Spoon object"
        ],
        "name" : "showBrewInfo",
        "desc" : "Displays an alert with the output of `brew <subcommand> info <pkg>`"
      },
      {
        "def" : "BrewInfo:showBrewInfoCurSel(cask)",
        "stripped_doc" : [
          "Display `brew info [--cask]` using the selected text as the package name",
          ""
        ],
        "parameters" : [
          " * cask - boolean indicating if pkg is a cask",
          ""
        ],
        "doc" : "Display `brew info [--cask]` using the selected text as the package name\n\nParameters:\n * cask - boolean indicating if pkg is a cask\n\nReturns:\n * The Spoon object",
        "notes" : [

        ],
        "signature" : "BrewInfo:showBrewInfoCurSel(cask)",
        "type" : "Method",
        "returns" : [
          " * The Spoon object"
        ],
        "name" : "showBrewInfoCurSel",
        "desc" : "Display `brew info [--cask]` using the selected text as the package name"
      }
    ],
    "Field" : [

    ],
    "Command" : [

    ],
    "Method" : [
      {
        "def" : "BrewInfo:showBrewInfo(pkg, subcommand)",
        "stripped_doc" : [
          "Displays an alert with the output of `brew <subcommand> info <pkg>`",
          ""
        ],
        "parameters" : [
          " * pkg - name of the package to query",
          " * cask - boolean indicating if pkg is a cask",
          ""
        ],
        "doc" : "Displays an alert with the output of `brew <subcommand> info <pkg>`\n\nParameters:\n * pkg - name of the package to query\n * cask - boolean indicating if pkg is a cask\n\nReturns:\n * The Spoon object",
        "notes" : [

        ],
        "signature" : "BrewInfo:showBrewInfo(pkg, subcommand)",
        "type" : "Method",
        "returns" : [
          " * The Spoon object"
        ],
        "name" : "showBrewInfo",
        "desc" : "Displays an alert with the output of `brew <subcommand> info <pkg>`"
      },
      {
        "def" : "BrewInfo:showBrewInfoCurSel(cask)",
        "stripped_doc" : [
          "Display `brew info [--cask]` using the selected text as the package name",
          ""
        ],
        "parameters" : [
          " * cask - boolean indicating if pkg is a cask",
          ""
        ],
        "doc" : "Display `brew info [--cask]` using the selected text as the package name\n\nParameters:\n * cask - boolean indicating if pkg is a cask\n\nReturns:\n * The Spoon object",
        "notes" : [

        ],
        "signature" : "BrewInfo:showBrewInfoCurSel(cask)",
        "type" : "Method",
        "returns" : [
          " * The Spoon object"
        ],
        "name" : "showBrewInfoCurSel",
        "desc" : "Display `brew info [--cask]` using the selected text as the package name"
      },
      {
        "def" : "BrewInfo:openBrewURL(pkg, cask)",
        "stripped_doc" : [
          "Opens the homepage for package `pkg`, as obtained from the `homepage` field in `brew cat [--cask] <pkg>`",
          ""
        ],
        "parameters" : [
          " * pkg - name of the package to query",
          " * cask - boolean indicating if pkg is a cask",
          ""
        ],
        "doc" : "Opens the homepage for package `pkg`, as obtained from the `homepage` field in `brew cat [--cask] <pkg>`\n\nParameters:\n * pkg - name of the package to query\n * cask - boolean indicating if pkg is a cask\n\nReturns:\n * The Spoon object",
        "notes" : [

        ],
        "signature" : "BrewInfo:openBrewURL(pkg, cask)",
        "type" : "Method",
        "returns" : [
          " * The Spoon object"
        ],
        "name" : "openBrewURL",
        "desc" : "Opens the homepage for package `pkg`, as obtained from the `homepage` field in `brew cat [--cask] <pkg>`"
      },
      {
        "def" : "BrewInfo:openBrewURLCurSel(cask)",
        "stripped_doc" : [
          "Opens the homepage for the currently-selected package, as obtained from the `homepage` field in `brew cat [--cask] <pkg>`",
          ""
        ],
        "parameters" : [
          " * cask - boolean indicating if pkg is a cask",
          ""
        ],
        "doc" : "Opens the homepage for the currently-selected package, as obtained from the `homepage` field in `brew cat [--cask] <pkg>`\n\nParameters:\n * cask - boolean indicating if pkg is a cask\n\nReturns:\n * The Spoon object",
        "notes" : [

        ],
        "signature" : "BrewInfo:openBrewURLCurSel(cask)",
        "type" : "Method",
        "returns" : [
          " * The Spoon object"
        ],
        "name" : "openBrewURLCurSel",
        "desc" : "Opens the homepage for the currently-selected package, as obtained from the `homepage` field in `brew cat [--cask] <pkg>`"
      },
      {
        "def" : "BrewInfo:bindHotkeys(mapping)",
        "stripped_doc" : [
          "Binds hotkeys for BrewInfo",
          ""
        ],
        "parameters" : [
          " * mapping - A table containing hotkey modifier\/key details for the following items:",
          "  * show_brew_info - Show output of `brew info` using the selected text as package name",
          "  * open_brew_url - Open the homepage of the formula whose name is currently selected",
          "  * show_brew_cask_info - Show output of `brew cask info` using the selected text as package name",
          "  * open_brew_cask_url - Open the homepage of the Cask whose name is currently selected"
        ],
        "doc" : "Binds hotkeys for BrewInfo\n\nParameters:\n * mapping - A table containing hotkey modifier\/key details for the following items:\n  * show_brew_info - Show output of `brew info` using the selected text as package name\n  * open_brew_url - Open the homepage of the formula whose name is currently selected\n  * show_brew_cask_info - Show output of `brew cask info` using the selected text as package name\n  * open_brew_cask_url - Open the homepage of the Cask whose name is currently selected",
        "notes" : [

        ],
        "signature" : "BrewInfo:bindHotkeys(mapping)",
        "type" : "Method",
        "returns" : [

        ],
        "name" : "bindHotkeys",
        "desc" : "Binds hotkeys for BrewInfo"
      }
    ],
    "doc" : "Display pop-up with Homebrew Formula info, or open their URL\n\nDownload: [https:\/\/github.com\/Hammerspoon\/Spoons\/raw\/master\/Spoons\/BrewInfo.spoon.zip](https:\/\/github.com\/Hammerspoon\/Spoons\/raw\/master\/Spoons\/BrewInfo.spoon.zip)\n\nYou can bind keys to automatically display the output of `brew\ninfo` of the currently-selected package name, or to open its\nhomepage. I use it to quickly explore new packages from the output\nof `brew update`.",
    "name" : "BrewInfo"
  }
]
