[
  {
    "Constant" : [

    ],
    "submodules" : [

    ],
    "Function" : [

    ],
    "Variable" : [
      {
        "desc" : "An integer specifying how long the alerts generated by BrewInfo will stay onscreen",
        "def" : "BrewInfo.brew_info_delay_sec",
        "stripped_doc" : [
          "An integer specifying how long the alerts generated by BrewInfo will stay onscreen"
        ],
        "doc" : "An integer specifying how long the alerts generated by BrewInfo will stay onscreen",
        "notes" : [

        ],
        "signature" : "BrewInfo.brew_info_delay_sec",
        "type" : "Variable",
        "returns" : [

        ],
        "name" : "brew_info_delay_sec",
        "parameters" : [

        ]
      },
      {
        "desc" : "A table in conformance with the [hs.alert.defaultStyle](http:\/\/www.hammerspoon.org\/docs\/hs.alert.html#defaultStyle[]) format that specifies the style used by the alerts. Default value: `{ textFont = \"Courier New\", textSize = 14, radius = 10 }`",
        "def" : "BrewInfo.brew_info_style",
        "stripped_doc" : [
          "A table in conformance with the [hs.alert.defaultStyle](http:\/\/www.hammerspoon.org\/docs\/hs.alert.html#defaultStyle[]) format that specifies the style used by the alerts. Default value: `{ textFont = \"Courier New\", textSize = 14, radius = 10 }`"
        ],
        "doc" : "A table in conformance with the [hs.alert.defaultStyle](http:\/\/www.hammerspoon.org\/docs\/hs.alert.html#defaultStyle[]) format that specifies the style used by the alerts. Default value: `{ textFont = \"Courier New\", textSize = 14, radius = 10 }`",
        "notes" : [

        ],
        "signature" : "BrewInfo.brew_info_style",
        "type" : "Variable",
        "returns" : [

        ],
        "name" : "brew_info_style",
        "parameters" : [

        ]
      }
    ],
    "stripped_doc" : [

    ],
    "type" : "Module",
    "Deprecated" : [

    ],
    "desc" : "Display pop-up with Homebrew Formula info, or open their URL",
    "Constructor" : [

    ],
    "Field" : [

    ],
    "Method" : [
      {
        "desc" : "Displays an alert with the output of `brew info <pkg>`",
        "def" : "BrewInfo:showBrewInfo(pkg)",
        "stripped_doc" : [
          "Displays an alert with the output of `brew info <pkg>`",
          ""
        ],
        "doc" : "Displays an alert with the output of `brew info <pkg>`\n\nParameters:\n * pkg - name of the package to query",
        "notes" : [

        ],
        "signature" : "BrewInfo:showBrewInfo(pkg)",
        "type" : "Method",
        "returns" : [

        ],
        "name" : "showBrewInfo",
        "parameters" : [
          " * pkg - name of the package to query"
        ]
      },
      {
        "desc" : "Display `brew info` using the selected text as the package name",
        "def" : "BrewInfo:showBrewInfoCurSel()",
        "stripped_doc" : [
          "Display `brew info` using the selected text as the package name"
        ],
        "doc" : "Display `brew info` using the selected text as the package name",
        "notes" : [

        ],
        "signature" : "BrewInfo:showBrewInfoCurSel()",
        "type" : "Method",
        "returns" : [

        ],
        "name" : "showBrewInfoCurSel",
        "parameters" : [

        ]
      },
      {
        "desc" : "Opens the homepage for Formula `pkg`",
        "def" : "BrewInfo:openBrewURL(pkg)",
        "stripped_doc" : [
          "Opens the homepage for Formula `pkg`",
          ""
        ],
        "doc" : "Opens the homepage for Formula `pkg`\n\nParameters:\n * pkg - name of the package to query",
        "notes" : [

        ],
        "signature" : "BrewInfo:openBrewURL(pkg)",
        "type" : "Method",
        "returns" : [

        ],
        "name" : "openBrewURL",
        "parameters" : [
          " * pkg - name of the package to query"
        ]
      },
      {
        "desc" : "Display `brew info` using the selected text as the package name",
        "def" : "BrewInfo:openBrewURLCurSel()",
        "stripped_doc" : [
          "Display `brew info` using the selected text as the package name"
        ],
        "doc" : "Display `brew info` using the selected text as the package name",
        "notes" : [

        ],
        "signature" : "BrewInfo:openBrewURLCurSel()",
        "type" : "Method",
        "returns" : [

        ],
        "name" : "openBrewURLCurSel",
        "parameters" : [

        ]
      },
      {
        "desc" : "Binds hotkeys for BrewInfo",
        "def" : "BrewInfo:bindHotkeys(mapping)",
        "stripped_doc" : [
          "Binds hotkeys for BrewInfo",
          ""
        ],
        "doc" : "Binds hotkeys for BrewInfo\n\nParameters:\n * mapping - A table containing hotkey modifier\/key details for the following items:\n  * show_brew_info - Show output of `brew info` using the selected text as package name\n  * open_brew_url - Open the homepage of the formula whose name is currently selected",
        "notes" : [

        ],
        "signature" : "BrewInfo:bindHotkeys(mapping)",
        "type" : "Method",
        "returns" : [

        ],
        "name" : "bindHotkeys",
        "parameters" : [
          " * mapping - A table containing hotkey modifier\/key details for the following items:",
          "  * show_brew_info - Show output of `brew info` using the selected text as package name",
          "  * open_brew_url - Open the homepage of the formula whose name is currently selected"
        ]
      }
    ],
    "Command" : [

    ],
    "items" : [
      {
        "desc" : "An integer specifying how long the alerts generated by BrewInfo will stay onscreen",
        "def" : "BrewInfo.brew_info_delay_sec",
        "stripped_doc" : [
          "An integer specifying how long the alerts generated by BrewInfo will stay onscreen"
        ],
        "doc" : "An integer specifying how long the alerts generated by BrewInfo will stay onscreen",
        "notes" : [

        ],
        "signature" : "BrewInfo.brew_info_delay_sec",
        "type" : "Variable",
        "returns" : [

        ],
        "name" : "brew_info_delay_sec",
        "parameters" : [

        ]
      },
      {
        "desc" : "A table in conformance with the [hs.alert.defaultStyle](http:\/\/www.hammerspoon.org\/docs\/hs.alert.html#defaultStyle[]) format that specifies the style used by the alerts. Default value: `{ textFont = \"Courier New\", textSize = 14, radius = 10 }`",
        "def" : "BrewInfo.brew_info_style",
        "stripped_doc" : [
          "A table in conformance with the [hs.alert.defaultStyle](http:\/\/www.hammerspoon.org\/docs\/hs.alert.html#defaultStyle[]) format that specifies the style used by the alerts. Default value: `{ textFont = \"Courier New\", textSize = 14, radius = 10 }`"
        ],
        "doc" : "A table in conformance with the [hs.alert.defaultStyle](http:\/\/www.hammerspoon.org\/docs\/hs.alert.html#defaultStyle[]) format that specifies the style used by the alerts. Default value: `{ textFont = \"Courier New\", textSize = 14, radius = 10 }`",
        "notes" : [

        ],
        "signature" : "BrewInfo.brew_info_style",
        "type" : "Variable",
        "returns" : [

        ],
        "name" : "brew_info_style",
        "parameters" : [

        ]
      },
      {
        "desc" : "Binds hotkeys for BrewInfo",
        "def" : "BrewInfo:bindHotkeys(mapping)",
        "stripped_doc" : [
          "Binds hotkeys for BrewInfo",
          ""
        ],
        "doc" : "Binds hotkeys for BrewInfo\n\nParameters:\n * mapping - A table containing hotkey modifier\/key details for the following items:\n  * show_brew_info - Show output of `brew info` using the selected text as package name\n  * open_brew_url - Open the homepage of the formula whose name is currently selected",
        "notes" : [

        ],
        "signature" : "BrewInfo:bindHotkeys(mapping)",
        "type" : "Method",
        "returns" : [

        ],
        "name" : "bindHotkeys",
        "parameters" : [
          " * mapping - A table containing hotkey modifier\/key details for the following items:",
          "  * show_brew_info - Show output of `brew info` using the selected text as package name",
          "  * open_brew_url - Open the homepage of the formula whose name is currently selected"
        ]
      },
      {
        "desc" : "Opens the homepage for Formula `pkg`",
        "def" : "BrewInfo:openBrewURL(pkg)",
        "stripped_doc" : [
          "Opens the homepage for Formula `pkg`",
          ""
        ],
        "doc" : "Opens the homepage for Formula `pkg`\n\nParameters:\n * pkg - name of the package to query",
        "notes" : [

        ],
        "signature" : "BrewInfo:openBrewURL(pkg)",
        "type" : "Method",
        "returns" : [

        ],
        "name" : "openBrewURL",
        "parameters" : [
          " * pkg - name of the package to query"
        ]
      },
      {
        "desc" : "Display `brew info` using the selected text as the package name",
        "def" : "BrewInfo:openBrewURLCurSel()",
        "stripped_doc" : [
          "Display `brew info` using the selected text as the package name"
        ],
        "doc" : "Display `brew info` using the selected text as the package name",
        "notes" : [

        ],
        "signature" : "BrewInfo:openBrewURLCurSel()",
        "type" : "Method",
        "returns" : [

        ],
        "name" : "openBrewURLCurSel",
        "parameters" : [

        ]
      },
      {
        "desc" : "Displays an alert with the output of `brew info <pkg>`",
        "def" : "BrewInfo:showBrewInfo(pkg)",
        "stripped_doc" : [
          "Displays an alert with the output of `brew info <pkg>`",
          ""
        ],
        "doc" : "Displays an alert with the output of `brew info <pkg>`\n\nParameters:\n * pkg - name of the package to query",
        "notes" : [

        ],
        "signature" : "BrewInfo:showBrewInfo(pkg)",
        "type" : "Method",
        "returns" : [

        ],
        "name" : "showBrewInfo",
        "parameters" : [
          " * pkg - name of the package to query"
        ]
      },
      {
        "desc" : "Display `brew info` using the selected text as the package name",
        "def" : "BrewInfo:showBrewInfoCurSel()",
        "stripped_doc" : [
          "Display `brew info` using the selected text as the package name"
        ],
        "doc" : "Display `brew info` using the selected text as the package name",
        "notes" : [

        ],
        "signature" : "BrewInfo:showBrewInfoCurSel()",
        "type" : "Method",
        "returns" : [

        ],
        "name" : "showBrewInfoCurSel",
        "parameters" : [

        ]
      }
    ],
    "doc" : "Display pop-up with Homebrew Formula info, or open their URL\n\nDownload: [https:\/\/github.com\/Hammerspoon\/Spoons\/raw\/master\/Spoons\/BreInfo.spoon.zip](https:\/\/github.com\/Hammerspoon\/Spoons\/raw\/master\/Spoons\/BrewInfo.spoon.zip)\n\nYou can bind keys to automatically display the output of `brew\ninfo` of the currently-selected package name, or to open its\nhomepage. I use it to quickly explore new packages from the output\nof `brew update`.",
    "name" : "BrewInfo"
  }
]
